member_id,first_name,age,gender,owns_car,owns_house,no_of_children,total_family_members,occupation_type,employment_status,migrant_worker,province,net_yearly_income,net_monthly_income,yearly_debt_payments,no_of_days_employed,credit_limit,credit_limit_used_pct,credit_score,prev_defaults,default_in_last_6months,npl_status,mou_status,mou_agreement_id,payroll_deduction_consent,account_tenure_months,registration_date
ID2026000,Member_1,54,ชาย,Y,N,3,5,เภสัชกร,พนักงานตามสัญญาจ้าง,Y,กรุงเทพมหานคร,718500,59875,721001,5211,199289,14,594,0,N,ปกติ,Inactive,MOU-2026-795,N,38,2023-10-11
ID2026001,Member_2,44,หญิง,Y,N,0,5,พนักงานการประปา,พนักงานตามสัญญาจ้าง,N,พะเยา,762816,63568,721001,1334,1868100,82,616,0,N,ค้างชำระเล็กน้อย,Inactive,MOU-2026-532,Y,63,2022-09-20
ID2026002,Member_3,29,หญิง,N,N,2,4,นักวิชาการตรวจสอบภายใน,พนักงานตามสัญญาจ้าง,Y,ร้อยเอ็ด,999996,83333,721001,2019,1636054,16,350,2,Y,ค้างชำระเล็กน้อย,Inactive,MOU-2026-245,N,41,2021-03-28
ID2026003,Member_4,51,หญิง,N,N,2,5,เภสัชกร,พนักงานตามสัญญาจ้าง,N,ตาก,1201656,100138,721001,1839,647347,34,309,0,Y,ค้างชำระเล็กน้อย,Inactive,MOU-2026-468,Y,45,2022-02-13
ID2026004,Member_5,54,หญิง,N,Y,2,3,ผู้จัดการโรงงาน,พนักงานตามสัญญาจ้าง,Y,อุตรดิตถ์,949980,79165,721001,5827,1532648,100,827,1,N,ปกติ,Inactive,MOU-2026-962,N,20,2022-05-14
ID2026005,Member_6,45,ชาย,Y,N,1,4,พนักงานการไฟฟ้า,บรรจุประจำ,Y,กรุงเทพมหานคร,999948,83329,721001,3876,1247690,69,385,2,Y,ปกติ,Active,MOU-2026-735,Y,108,2022-12-09
ID2026006,Member_7,44,ชาย,Y,N,3,2,พนักงานการไฟฟ้า,บรรจุประจำ,N,ยโสธร,1267416,105618,721001,1254,1284382,88,816,1,Y,ค้างชำระเล็กน้อย,Active,MOU-2026-238,N,76,2023-09-11
ID2026007,Member_8,55,ชาย,N,Y,0,4,เจ้าหน้าที่ธนาคารรัฐ,บรรจุประจำ,Y,ลำปาง,449616,37468,721001,5474,771139,98,326,0,N,ค้างชำระเล็กน้อย,Inactive,MOU-2026-560,N,27,2023-03-19
ID2026008,Member_9,32,ชาย,Y,N,2,4,นักกฎหมายบริษัท,บรรจุประจำ,Y,สุรินทร์,1115076,92923,721001,3449,101623,25,477,0,Y,ค้างชำระเล็กน้อย,Active,MOU-2026-595,Y,28,2022-05-20
ID2026009,Member_10,55,ชาย,Y,Y,3,3,วิศวกรโยธา,พนักงานตามสัญญาจ้าง,N,ชลบุรี,560016,46668,721001,3319,669441,23,652,0,N,ค้างชำระเล็กน้อย,Inactive,MOU-2026-898,N,48,2023-05-20
ID2026010,Member_11,55,หญิง,N,Y,2,1,เจ้าพนักงานที่ดิน,บรรจุประจำ,Y,กรุงเทพมหานคร,728412,60701,721001,942,1872601,58,638,1,Y,ปกติ,Inactive,MOU-2026-966,Y,57,2022-11-08
ID2026011,Member_12,56,ชาย,Y,N,1,5,นักวิชาการคอมพิวเตอร์,พนักงานตามสัญญาจ้าง,N,กาญจนบุรี,1116192,93016,721001,4732,308120,12,570,0,N,ปกติ,Active,MOU-2026-800,Y,109,2024-01-03
ID2026012,Member_13,28,หญิง,N,Y,2,3,เจ้าหน้าที่วิทยุการบิน,บรรจุประจำ,N,กระบี่,507756,42313,721001,695,59088,52,563,1,Y,ปกติ,Active,MOU-2026-340,Y,51,2025-04-25
ID2026013,Member_14,57,หญิง,N,N,0,4,อาจารย์มหาวิทยาลัย,พนักงานตามสัญญาจ้าง,Y,ชัยภูมิ,1294704,107892,721001,3970,923646,86,422,2,N,ค้างชำระเล็กน้อย,Inactive,MOU-2026-398,N,19,2021-11-17
ID2026014,Member_15,23,หญิง,N,N,0,3,พนักงานการท่าอากาศยาน,พนักงานตามสัญญาจ้าง,N,ยโสธร,902928,75244,721001,346,1166985,43,502,2,Y,ปกติ,Active,MOU-2026-733,Y,27,2025-10-17
ID2026015,Member_16,44,หญิง,Y,N,1,3,ทันตแพทย์,พนักงานตามสัญญาจ้าง,N,พิษณุโลก,1037952,86496,721001,2140,1658647,53,524,0,Y,ปกติ,Inactive,MOU-2026-361,Y,41,2025-11-15
ID2026016,Member_17,56,หญิง,N,N,2,2,นิติกร,บรรจุประจำ,Y,สุรินทร์,651408,54284,721001,491,1393595,65,571,1,N,ปกติ,Active,MOU-2026-742,Y,72,2025-09-04
ID2026017,Member_18,54,ชาย,N,N,1,5,ทหาร,พนักงานตามสัญญาจ้าง,N,ยะลา,1284192,107016,721001,3249,783105,58,768,2,N,ค้างชำระเล็กน้อย,Active,MOU-2026-262,N,31,2023-04-15
ID2026018,Member_19,55,หญิง,Y,Y,0,3,ปลัดอำเภอ,พนักงานตามสัญญาจ้าง,N,สระบุรี,773472,64456,721001,6034,1580886,12,318,2,Y,ค้างชำระเล็กน้อย,Active,MOU-2026-502,N,80,2023-02-09
ID2026019,Member_20,32,ชาย,Y,Y,3,3,เจ้าหน้าที่ธุรการ,พนักงานตามสัญญาจ้าง,N,ปทุมธานี,1256868,104739,721001,6220,1273027,84,494,0,N,ค้างชำระเล็กน้อย,Inactive,MOU-2026-465,Y,61,2024-12-11
ID2026020,Member_21,22,หญิง,N,N,1,5,นักโภชนาการ,บรรจุประจำ,Y,เชียงใหม่,1206612,100551,721001,4596,333553,20,329,0,Y,ค้างชำระเล็กน้อย,Active,MOU-2026-476,N,39,2023-01-08
ID2026021,Member_22,37,ชาย,Y,N,3,1,นักเทคนิคการแพทย์,บรรจุประจำ,N,กระบี่,1158924,96577,721001,5234,662281,82,420,1,N,ค้างชำระเล็กน้อย,Active,MOU-2026-668,Y,118,2023-12-29
ID2026022,Member_23,59,หญิง,Y,Y,0,4,นักวิชาการคอมพิวเตอร์,พนักงานตามสัญญาจ้าง,N,อ่างทอง,933120,77760,721001,5603,504056,21,632,1,N,ค้างชำระเล็กน้อย,Inactive,MOU-2026-512,N,34,2024-11-25
ID2026023,Member_24,44,หญิง,N,N,1,2,นักกฎหมายบริษัท,พนักงานตามสัญญาจ้าง,Y,ตาก,562296,46858,721001,2372,719907,15,627,1,N,ค้างชำระเล็กน้อย,Active,MOU-2026-658,N,41,2024-02-22
ID2026024,Member_25,29,หญิง,N,N,3,4,นักเทคนิคการแพทย์,บรรจุประจำ,N,เพชรบุรี,1098840,91570,721001,3535,736398,12,806,2,Y,ค้างชำระเล็กน้อย,Inactive,MOU-2026-763,N,19,2023-10-06
ID2026025,Member_26,22,หญิง,N,Y,2,5,เจ้าหน้าที่วิทยุการบิน,พนักงานตามสัญญาจ้าง,N,ขอนแก่น,488052,40671,721001,2955,54649,4,525,2,Y,ค้างชำระเล็กน้อย,Inactive,MOU-2026-118,Y,113,2023-06-10
ID2026026,Member_27,45,ชาย,Y,Y,0,2,เจ้าหน้าที่ตรวจสอบคุณภาพ,พนักงานตามสัญญาจ้าง,Y,พะเยา,651540,54295,721001,1870,1301046,86,474,2,N,ปกติ,Inactive,MOU-2026-828,Y,25,2025-11-05
ID2026027,Member_28,24,ชาย,Y,N,2,3,พนักงานการไฟฟ้า,พนักงานตามสัญญาจ้าง,N,ชัยภูมิ,875868,72989,721001,4109,565506,62,634,1,Y,ค้างชำระเล็กน้อย,Active,MOU-2026-122,N,115,2023-12-14
ID2026028,Member_29,51,ชาย,N,N,3,3,พนักงานการประปา,บรรจุประจำ,Y,แม่ฮ่องสอน,1403448,116954,721001,7249,165380,92,821,2,N,ค้างชำระเล็กน้อย,Active,MOU-2026-973,N,74,2024-03-21
ID2026029,Member_30,45,ชาย,Y,Y,2,5,นักประชาสัมพันธ์,พนักงานตามสัญญาจ้าง,Y,ชัยภูมิ,750156,62513,721001,1939,90556,59,546,0,N,ปกติ,Active,MOU-2026-910,N,111,2021-02-07
ID2026030,Member_31,30,หญิง,N,N,1,2,พนักงานการท่าอากาศยาน,บรรจุประจำ,Y,สระบุรี,984468,82039,721001,6711,1741041,84,362,2,Y,ค้างชำระเล็กน้อย,Inactive,MOU-2026-939,Y,29,2024-07-03
ID2026031,Member_32,44,ชาย,N,Y,1,1,สถาปนิก,บรรจุประจำ,Y,แม่ฮ่องสอน,1305912,108826,721001,5432,1336104,62,329,1,Y,ค้างชำระเล็กน้อย,Active,MOU-2026-576,N,31,2024-03-08
ID2026032,Member_33,54,ชาย,N,Y,0,1,นักเทคนิคการแพทย์,พนักงานตามสัญญาจ้าง,N,เชียงราย,1340304,111692,721001,6379,88904,20,815,0,Y,ค้างชำระเล็กน้อย,Inactive,MOU-2026-304,Y,42,2024-09-28
ID2026033,Member_34,35,หญิง,Y,N,3,4,นักประชาสัมพันธ์,พนักงานตามสัญญาจ้าง,Y,นครศรีธรรมราช,993864,82822,721001,5335,1578555,56,793,0,Y,ปกติ,Active,MOU-2026-874,Y,57,2021-12-30
ID2026034,Member_35,32,ชาย,Y,Y,3,2,นักวิชาการคอมพิวเตอร์,พนักงานตามสัญญาจ้าง,Y,สุรินทร์,1194612,99551,721001,1366,1389358,81,575,1,N,ค้างชำระเล็กน้อย,Active,MOU-2026-588,N,46,2021-04-16
ID2026035,Member_36,30,ชาย,Y,Y,2,4,นักกายภาพบำบัด,พนักงานตามสัญญาจ้าง,Y,ประจวบคีรีขันธ์,983820,81985,721001,5668,1204811,41,560,2,Y,ค้างชำระเล็กน้อย,Inactive,MOU-2026-454,Y,116,2024-06-15
ID2026036,Member_37,27,ชาย,Y,N,0,4,เจ้าหน้าที่ศาลยุติธรรม,พนักงานตามสัญญาจ้าง,N,บุรีรัมย์,274548,22879,721001,359,351080,40,437,0,Y,ค้างชำระเล็กน้อย,Active,MOU-2026-272,N,14,2025-09-29
ID2026037,Member_38,60,ชาย,N,Y,2,4,นักโภชนาการ,บรรจุประจำ,N,จันทบุรี,327864,27322,721001,4019,1477989,31,709,0,N,ค้างชำระเล็กน้อย,Active,MOU-2026-600,Y,88,2024-12-20
ID2026038,Member_39,29,หญิง,N,N,0,4,นักวิเคราะห์ข้อมูล,บรรจุประจำ,N,ตราด,512640,42720,721001,458,1140520,59,443,1,Y,ค้างชำระเล็กน้อย,Inactive,MOU-2026-885,N,106,2022-10-01
ID2026039,Member_40,60,ชาย,Y,N,1,5,นิติกร,บรรจุประจำ,Y,พะเยา,771948,64329,721001,3501,1723976,14,408,1,N,ปกติ,Active,MOU-2026-301,Y,45,2021-10-15
ID2026040,Member_41,39,หญิง,Y,N,1,1,นักวิชาการเงินและบัญชี,บรรจุประจำ,Y,อุตรดิตถ์,1041312,86776,721001,4683,1428831,4,664,2,N,ปกติ,Active,MOU-2026-766,N,18,2024-05-15
ID2026041,Member_42,26,หญิง,Y,Y,2,5,วิศวกรไฟฟ้า,บรรจุประจำ,N,กระบี่,480768,40064,721001,764,1887262,89,471,2,Y,ค้างชำระเล็กน้อย,Active,MOU-2026-654,N,41,2022-12-29
ID2026042,Member_43,27,ชาย,Y,Y,3,4,วิศวกรซอฟต์แวร์,บรรจุประจำ,N,เพชรบุรี,945840,78820,721001,5279,404279,21,542,0,Y,ค้างชำระเล็กน้อย,Inactive,MOU-2026-385,Y,71,2025-06-26
ID2026043,Member_44,26,ชาย,Y,N,1,3,นิติกร,บรรจุประจำ,N,สุรินทร์,757584,63132,721001,1125,320847,0,688,0,N,ค้างชำระเล็กน้อย,Inactive,MOU-2026-624,N,22,2021-11-03
ID2026044,Member_45,23,หญิง,Y,Y,3,2,นักวิชาการคอมพิวเตอร์,พนักงานตามสัญญาจ้าง,Y,นครศรีธรรมราช,1145964,95497,721001,6295,1144113,1,329,1,Y,ค้างชำระเล็กน้อย,Active,MOU-2026-348,N,108,2025-02-10
ID2026045,Member_46,52,ชาย,Y,Y,0,5,นักจดหมายเหตุ,พนักงานตามสัญญาจ้าง,Y,แม่ฮ่องสอน,1006536,83878,721001,2244,72550,56,602,0,N,ปกติ,Inactive,MOU-2026-701,Y,24,2024-09-23
ID2026046,Member_47,26,หญิง,N,N,3,3,แพทย์เฉพาะทาง,พนักงานตามสัญญาจ้าง,N,สิงห์บุรี,914100,76175,721001,5275,890758,60,603,1,Y,ปกติ,Active,MOU-2026-309,Y,101,2024-05-08
ID2026047,Member_48,47,ชาย,N,Y,0,2,พนักงานการท่าอากาศยาน,พนักงานตามสัญญาจ้าง,Y,ชัยภูมิ,1411284,117607,721001,2926,1381697,68,704,0,N,ค้างชำระเล็กน้อย,Inactive,MOU-2026-455,N,43,2025-01-07
ID2026048,Member_49,24,ชาย,N,Y,3,5,เจ้าหน้าที่ตรวจสอบคุณภาพ,บรรจุประจำ,N,พิษณุโลก,691032,57586,721001,5393,1072066,87,360,2,N,ปกติ,Inactive,MOU-2026-675,N,119,2023-09-07
ID2026049,Member_50,56,หญิง,N,N,3,5,ทหาร,บรรจุประจำ,Y,แม่ฮ่องสอน,1303104,108592,721001,4486,930228,49,672,0,N,ค้างชำระเล็กน้อย,Active,MOU-2026-209,Y,39,2025-01-08
ID2026050,Member_51,47,หญิง,Y,N,1,3,ผู้จัดการโรงงาน,บรรจุประจำ,Y,ระยอง,1187664,98972,721001,1137,485810,50,426,1,N,ปกติ,Inactive,MOU-2026-340,N,51,2025-12-25
ID2026051,Member_52,43,ชาย,N,N,0,1,อาจารย์มหาวิทยาลัย,บรรจุประจำ,N,เชียงราย,320304,26692,721001,5049,409833,15,388,1,Y,ปกติ,Inactive,MOU-2026-577,Y,82,2021-07-17
ID2026052,Member_53,30,ชาย,Y,N,3,1,ผู้จัดการฝ่ายบุคคล,พนักงานตามสัญญาจ้าง,N,สมุทรปราการ,1401288,116774,721001,3856,1027351,44,400,0,N,ปกติ,Inactive,MOU-2026-755,Y,44,2022-01-03
ID2026053,Member_54,37,หญิง,Y,N,1,1,สถาปนิก,บรรจุประจำ,N,กระบี่,1040136,86678,721001,6537,1710934,55,404,2,Y,ค้างชำระเล็กน้อย,Active,MOU-2026-520,Y,85,2021-09-11
ID2026054,Member_55,42,หญิง,N,Y,1,5,นักห้องสมุด,พนักงานตามสัญญาจ้าง,N,ปทุมธานี,631560,52630,721001,4730,1308419,32,839,1,N,ค้างชำระเล็กน้อย,Inactive,MOU-2026-312,N,32,2023-12-31
ID2026055,Member_56,38,หญิง,Y,Y,0,2,วิศวกรโยธา,พนักงานตามสัญญาจ้าง,N,ตราด,701952,58496,721001,5405,287494,84,644,1,N,ค้างชำระเล็กน้อย,Inactive,MOU-2026-791,Y,59,2021-02-16
ID2026056,Member_57,50,หญิง,N,N,0,3,ผู้จัดการฝ่ายบุคคล,พนักงานตามสัญญาจ้าง,N,กระบี่,1404564,117047,721001,6588,1036223,1,668,1,N,ปกติ,Active,MOU-2026-984,N,81,2022-12-13
ID2026057,Member_58,43,หญิง,N,N,2,3,ครูผู้ช่วย,บรรจุประจำ,Y,นราธิวาส,398688,33224,721001,652,193381,29,480,0,N,ค้างชำระเล็กน้อย,Active,MOU-2026-792,Y,49,2025-04-17
ID2026058,Member_59,36,ชาย,Y,Y,0,5,อาจารย์มหาวิทยาลัย,พนักงานตามสัญญาจ้าง,Y,สระบุรี,874032,72836,721001,3791,1778949,71,324,1,N,ค้างชำระเล็กน้อย,Inactive,MOU-2026-294,Y,65,2024-04-03
ID2026059,Member_60,56,ชาย,N,Y,0,4,นักเทคนิคการแพทย์,พนักงานตามสัญญาจ้าง,N,อุตรดิตถ์,636708,53059,721001,5386,1363710,18,300,1,Y,ปกติ,Inactive,MOU-2026-296,N,106,2023-05-31
ID2026060,Member_61,31,ชาย,N,Y,2,1,วิศวกรโยธา,บรรจุประจำ,Y,พะเยา,1193412,99451,721001,3343,191605,46,700,0,Y,ค้างชำระเล็กน้อย,Active,MOU-2026-383,Y,36,2024-02-05
ID2026061,Member_62,41,ชาย,Y,Y,3,5,พนักงานการประปา,พนักงานตามสัญญาจ้าง,Y,สงขลา,362004,30167,721001,1406,437234,70,558,2,Y,ค้างชำระเล็กน้อย,Inactive,MOU-2026-702,N,58,2024-12-06
ID2026062,Member_63,33,หญิง,N,Y,1,5,นักวิเคราะห์นโยบายและแผน,พนักงานตามสัญญาจ้าง,Y,สุรินทร์,1411464,117622,721001,3007,1807343,28,582,1,Y,ค้างชำระเล็กน้อย,Active,MOU-2026-374,N,62,2021-07-29
ID2026063,Member_64,35,หญิง,Y,N,3,1,พนักงานการท่าอากาศยาน,พนักงานตามสัญญาจ้าง,N,สุราษฎร์ธานี,378552,31546,721001,2626,304616,89,348,0,N,ค้างชำระเล็กน้อย,Active,MOU-2026-997,Y,95,2024-11-13
ID2026064,Member_65,23,หญิง,Y,Y,2,1,สถาปนิก,พนักงานตามสัญญาจ้าง,N,อุบลราชธานี,233820,19485,721001,7047,893865,87,642,2,Y,ปกติ,Inactive,MOU-2026-962,N,99,2023-04-07
ID2026065,Member_66,25,หญิง,N,Y,2,5,นักผังเมือง,พนักงานตามสัญญาจ้าง,N,บุรีรัมย์,890676,74223,721001,7225,1630394,10,321,1,N,ปกติ,Active,MOU-2026-583,Y,96,2023-05-09
ID2026066,Member_67,44,ชาย,N,Y,1,4,วิศวกรซอฟต์แวร์,บรรจุประจำ,Y,พังงา,405192,33766,721001,1928,995026,87,309,0,Y,ค้างชำระเล็กน้อย,Inactive,MOU-2026-276,N,114,2022-05-26
ID2026067,Member_68,60,หญิง,Y,N,3,3,ทันตแพทย์,พนักงานตามสัญญาจ้าง,N,สุรินทร์,528876,44073,721001,3723,451381,11,706,1,N,ปกติ,Inactive,MOU-2026-368,N,103,2024-08-30
ID2026068,Member_69,43,ชาย,Y,N,1,1,เจ้าหน้าที่วิทยุการบิน,พนักงานตามสัญญาจ้าง,Y,สตูล,1380492,115041,721001,6092,1652652,28,616,2,N,ค้างชำระเล็กน้อย,Inactive,MOU-2026-143,N,104,2021-05-21
ID2026069,Member_70,27,ชาย,N,N,2,1,เจ้าหน้าที่ศาลยุติธรรม,พนักงานตามสัญญาจ้าง,N,สิงห์บุรี,1307664,108972,721001,2755,908545,11,422,2,N,ปกติ,Active,MOU-2026-634,Y,43,2024-03-06
ID2026070,Member_71,36,หญิง,N,Y,2,2,นักวิชาการเกษตร,พนักงานตามสัญญาจ้าง,N,พังงา,715512,59626,721001,3946,1115876,96,376,2,Y,ค้างชำระเล็กน้อย,Inactive,MOU-2026-507,Y,34,2023-10-24
ID2026071,Member_72,45,หญิง,Y,Y,0,1,วิศวกรไฟฟ้า,บรรจุประจำ,Y,นครปฐม,1188228,99019,721001,2748,1361102,16,319,0,N,ปกติ,Active,MOU-2026-707,Y,68,2021-09-12
ID2026072,Member_73,60,ชาย,N,Y,1,1,ครูผู้ช่วย,พนักงานตามสัญญาจ้าง,N,ปทุมธานี,528600,44050,721001,1813,105898,39,837,2,N,ค้างชำระเล็กน้อย,Active,MOU-2026-530,N,21,2025-05-31
ID2026073,Member_74,37,หญิง,Y,Y,0,2,นักการทูต,บรรจุประจำ,Y,อุดรธานี,846252,70521,721001,2148,111648,6,612,0,Y,ปกติ,Active,MOU-2026-416,Y,61,2024-11-24
ID2026074,Member_75,27,หญิง,N,Y,2,3,นักสังคมสงเคราะห์,บรรจุประจำ,Y,ปทุมธานี,912948,76079,721001,849,1895231,17,728,1,Y,ปกติ,Active,MOU-2026-894,N,72,2025-11-21
ID2026075,Member_76,60,ชาย,Y,Y,0,2,นักรังสีการแพทย์,บรรจุประจำ,N,สมุทรปราการ,1000668,83389,721001,7059,300333,62,403,2,N,ปกติ,Inactive,MOU-2026-671,Y,29,2021-06-12
ID2026076,Member_77,60,ชาย,N,N,0,4,เจ้าพนักงานปกครอง,พนักงานตามสัญญาจ้าง,N,เชียงใหม่,1150872,95906,721001,2308,1172721,40,357,1,N,ปกติ,Inactive,MOU-2026-198,N,75,2023-09-05
ID2026077,Member_78,42,หญิง,Y,N,0,2,วิศวกรโยธา,พนักงานตามสัญญาจ้าง,Y,พะเยา,446532,37211,721001,5780,1458888,90,464,1,N,ปกติ,Inactive,MOU-2026-505,Y,78,2021-06-14
ID2026078,Member_79,23,ชาย,Y,Y,2,2,นักวิชาการเงินและบัญชี,บรรจุประจำ,Y,สิงห์บุรี,1116552,93046,721001,2589,315287,51,467,2,Y,ค้างชำระเล็กน้อย,Active,MOU-2026-903,N,17,2023-11-11
ID2026079,Member_80,29,หญิง,Y,N,0,3,ครูผู้ช่วย,บรรจุประจำ,N,บุรีรัมย์,1234056,102838,721001,626,1750695,13,538,0,Y,ค้างชำระเล็กน้อย,Active,MOU-2026-493,N,107,2023-07-21
ID2026080,Member_81,52,ชาย,N,N,0,5,เจ้าหน้าที่วิทยุการบิน,บรรจุประจำ,Y,ประจวบคีรีขันธ์,522060,43505,721001,7187,1263422,51,411,0,Y,ปกติ,Inactive,MOU-2026-511,Y,70,2025-10-08
ID2026081,Member_82,30,ชาย,N,N,2,2,นิติกร,พนักงานตามสัญญาจ้าง,Y,สระบุรี,477804,39817,721001,4199,649963,99,704,1,N,ปกติ,Active,MOU-2026-306,N,27,2025-09-16
ID2026082,Member_83,25,หญิง,Y,N,0,4,เจ้าหน้าที่วิทยุการบิน,บรรจุประจำ,Y,สงขลา,1322124,110177,721001,6425,1932957,34,531,0,N,ปกติ,Inactive,MOU-2026-446,N,16,2022-09-02
ID2026083,Member_84,48,ชาย,Y,N,2,2,นักวิชาการตรวจสอบภายใน,บรรจุประจำ,N,ฉะเชิงเทรา,1246848,103904,721001,522,437790,80,325,0,Y,ค้างชำระเล็กน้อย,Active,MOU-2026-260,Y,57,2021-04-13
ID2026084,Member_85,45,ชาย,Y,N,1,5,นักวิชาการเงินและบัญชี,พนักงานตามสัญญาจ้าง,Y,อุดรธานี,218916,18243,721001,1910,635846,14,318,2,Y,ปกติ,Inactive,MOU-2026-855,Y,117,2024-09-23
ID2026085,Member_86,29,ชาย,Y,Y,1,5,บุคลากรทางการศึกษา,พนักงานตามสัญญาจ้าง,Y,นครราชสีมา,423732,35311,721001,6676,1916432,68,775,1,N,ปกติ,Inactive,MOU-2026-830,Y,58,2024-04-17
ID2026086,Member_87,46,หญิง,N,Y,2,2,นักวิชาการเงินและบัญชี,พนักงานตามสัญญาจ้าง,N,พังงา,666132,55511,721001,7016,1919798,9,460,2,N,ค้างชำระเล็กน้อย,Inactive,MOU-2026-849,N,63,2023-10-03
ID2026087,Member_88,51,ชาย,Y,Y,3,1,นักวิชาการสาธารณสุข,พนักงานตามสัญญาจ้าง,N,นนทบุรี,649968,54164,721001,2511,1234847,50,673,1,Y,ค้างชำระเล็กน้อย,Active,MOU-2026-445,N,45,2022-02-06
ID2026088,Member_89,35,หญิง,Y,N,3,4,ทหาร,บรรจุประจำ,Y,สกลนคร,575040,47920,721001,6379,1963714,76,710,1,N,ค้างชำระเล็กน้อย,Inactive,MOU-2026-948,N,115,2021-06-06
ID2026089,Member_90,51,ชาย,Y,N,3,5,นักวิชาการสาธารณสุข,บรรจุประจำ,Y,แม่ฮ่องสอน,599868,49989,721001,3366,1451696,0,788,1,N,ค้างชำระเล็กน้อย,Inactive,MOU-2026-181,N,105,2024-04-23
ID2026090,Member_91,53,ชาย,Y,Y,3,2,สถาปนิก,บรรจุประจำ,Y,ยโสธร,307416,25618,721001,5308,1147227,56,719,2,N,ปกติ,Inactive,MOU-2026-190,Y,12,2025-11-09
ID2026091,Member_92,55,หญิง,N,Y,0,2,เจ้าพนักงานกรมศุลกากร,บรรจุประจำ,Y,กรุงเทพมหานคร,1110528,92544,721001,7166,1064398,2,389,2,N,ปกติ,Inactive,MOU-2026-419,Y,75,2023-02-09
ID2026092,Member_93,46,ชาย,N,N,1,1,นักเทคนิคการแพทย์,พนักงานตามสัญญาจ้าง,N,พังงา,296508,24709,721001,3661,1990081,49,577,0,Y,ปกติ,Active,MOU-2026-542,N,68,2023-06-30
ID2026093,Member_94,27,หญิง,Y,N,1,3,นักจดหมายเหตุ,พนักงานตามสัญญาจ้าง,N,ราชบุรี,464952,38746,721001,6651,1297054,84,703,1,Y,ค้างชำระเล็กน้อย,Active,MOU-2026-164,Y,114,2024-10-28
ID2026094,Member_95,26,ชาย,N,N,3,5,ตำรวจ,บรรจุประจำ,Y,พะเยา,480720,40060,721001,7022,218011,28,838,0,Y,ปกติ,Inactive,MOU-2026-861,N,23,2023-12-03
ID2026095,Member_96,30,หญิง,Y,Y,0,4,นักประชาสัมพันธ์,พนักงานตามสัญญาจ้าง,Y,เชียงราย,259236,21603,721001,3336,703568,63,812,0,N,ปกติ,Inactive,MOU-2026-814,N,39,2024-05-04
ID2026096,Member_97,49,ชาย,N,N,2,1,แพทย์เฉพาะทาง,บรรจุประจำ,Y,สุราษฎร์ธานี,452628,37719,721001,3250,1313252,96,593,1,Y,ค้างชำระเล็กน้อย,Inactive,MOU-2026-958,N,54,2021-11-09
ID2026097,Member_98,23,หญิง,N,N,0,3,นักสังคมสงเคราะห์,บรรจุประจำ,Y,พระนครศรีอยุธยา,288336,24028,721001,1876,1712555,30,365,1,N,ปกติ,Inactive,MOU-2026-883,Y,82,2022-01-05
ID2026098,Member_99,54,ชาย,N,N,0,1,นักวิเคราะห์นโยบายและแผน,บรรจุประจำ,Y,พระนครศรีอยุธยา,946224,78852,721001,4894,1515035,43,592,1,N,ค้างชำระเล็กน้อย,Active,MOU-2026-475,Y,57,2023-04-08
ID2026099,Member_100,37,ชาย,Y,Y,1,3,นักกายภาพบำบัด,พนักงานตามสัญญาจ้าง,Y,นครปฐม,1383684,115307,721001,5179,1718464,21,367,2,Y,ค้างชำระเล็กน้อย,Inactive,MOU-2026-355,Y,113,2024-04-29
ID2026100,Member_101,53,ชาย,Y,N,3,5,เจ้าพนักงานที่ดิน,พนักงานตามสัญญาจ้าง,Y,แม่ฮ่องสอน,563664,46972,721001,4477,714656,36,444,1,N,ค้างชำระเล็กน้อย,Inactive,MOU-2026-836,Y,54,2022-09-27
ID2026101,Member_102,54,ชาย,N,N,2,5,พนักงานการไฟฟ้า,พนักงานตามสัญญาจ้าง,N,สิงห์บุรี,1169772,97481,721001,6797,1652427,17,635,0,N,ค้างชำระเล็กน้อย,Inactive,MOU-2026-177,N,102,2024-10-19
ID2026102,Member_103,44,หญิง,Y,Y,2,4,พนักงานการประปา,พนักงานตามสัญญาจ้าง,Y,แม่ฮ่องสอน,261552,21796,721001,4977,1499641,36,461,1,N,ปกติ,Inactive,MOU-2026-772,Y,43,2025-08-02
ID2026103,Member_104,27,หญิง,Y,Y,3,3,นักกฎหมายบริษัท,พนักงานตามสัญญาจ้าง,N,อุตรดิตถ์,1178664,98222,721001,3341,437875,86,831,2,N,ปกติ,Active,MOU-2026-415,N,21,2023-02-02
ID2026104,Member_105,36,หญิง,Y,N,2,4,ผู้จัดการฝ่ายบุคคล,บรรจุประจำ,Y,พังงา,322224,26852,721001,1723,1750422,74,669,1,N,ปกติ,Active,MOU-2026-846,N,109,2024-01-16
ID2026105,Member_106,56,ชาย,N,Y,2,4,เจ้าหน้าที่ธนาคารรัฐ,พนักงานตามสัญญาจ้าง,N,ฉะเชิงเทรา,905328,75444,721001,1576,1847460,18,313,0,N,ค้างชำระเล็กน้อย,Active,MOU-2026-785,N,117,2022-11-26
ID2026106,Member_107,45,หญิง,N,Y,3,4,นิติกร,พนักงานตามสัญญาจ้าง,N,ร้อยเอ็ด,463152,38596,721001,4889,1260948,51,422,1,N,ค้างชำระเล็กน้อย,Inactive,MOU-2026-602,N,64,2023-08-07
ID2026107,Member_108,45,หญิง,N,Y,3,4,ปลัดอำเภอ,บรรจุประจำ,N,อุดรธานี,1392576,116048,721001,2956,424149,8,701,0,N,ค้างชำระเล็กน้อย,Inactive,MOU-2026-169,N,69,2024-07-17
ID2026108,Member_109,48,หญิง,Y,Y,1,1,วิศวกรโยธา,บรรจุประจำ,Y,อุตรดิตถ์,529416,44118,721001,1579,1777943,17,355,0,N,ค้างชำระเล็กน้อย,Inactive,MOU-2026-132,N,79,2025-10-07
ID2026109,Member_110,51,หญิง,N,N,3,5,นักการตลาดดิจิทัล,บรรจุประจำ,Y,พระนครศรีอยุธยา,989280,82440,721001,7243,837735,74,483,2,Y,ปกติ,Active,MOU-2026-556,Y,73,2021-02-10
ID2026110,Member_111,29,หญิง,Y,N,0,1,พนักงานการไฟฟ้า,พนักงานตามสัญญาจ้าง,Y,นครราชสีมา,710424,59202,721001,5380,1108729,57,493,1,N,ค้างชำระเล็กน้อย,Inactive,MOU-2026-594,Y,51,2023-05-20
ID2026111,Member_112,36,ชาย,Y,N,2,2,นักวิเคราะห์นโยบายและแผน,พนักงานตามสัญญาจ้าง,N,พระนครศรีอยุธยา,433392,36116,721001,2034,394081,93,758,1,N,ปกติ,Inactive,MOU-2026-328,Y,85,2021-08-20
ID2026112,Member_113,33,ชาย,N,Y,0,3,นักบัญชีอาวุโส,บรรจุประจำ,Y,เชียงราย,654444,54537,721001,4902,225417,65,511,2,Y,ค้างชำระเล็กน้อย,Inactive,MOU-2026-916,N,48,2021-02-11
ID2026113,Member_114,26,หญิง,N,N,1,4,นักสังคมสงเคราะห์,บรรจุประจำ,Y,ลำพูน,675552,56296,721001,5857,343894,3,605,2,Y,ค้างชำระเล็กน้อย,Inactive,MOU-2026-171,Y,117,2022-03-15
ID2026114,Member_115,46,ชาย,N,N,1,3,นักวิชาการคอมพิวเตอร์,บรรจุประจำ,Y,ขอนแก่น,1338492,111541,721001,6811,186251,6,669,0,N,ค้างชำระเล็กน้อย,Inactive,MOU-2026-539,Y,53,2024-01-24
ID2026115,Member_116,54,ชาย,Y,Y,0,4,วิศวกรไฟฟ้า,บรรจุประจำ,N,พิษณุโลก,1207320,100610,721001,2856,1850938,46,636,1,Y,ปกติ,Active,MOU-2026-967,N,78,2022-12-30
ID2026116,Member_117,25,ชาย,Y,N,2,3,วิศวกรโยธา,บรรจุประจำ,Y,สตูล,579168,48264,721001,2112,1084043,34,513,0,N,ปกติ,Inactive,MOU-2026-217,Y,30,2021-06-18
ID2026117,Member_118,42,ชาย,N,N,1,3,นักวิเคราะห์ข้อมูล,พนักงานตามสัญญาจ้าง,N,พังงา,797424,66452,721001,2704,1416793,44,381,2,N,ค้างชำระเล็กน้อย,Active,MOU-2026-853,Y,88,2022-12-22
ID2026118,Member_119,24,ชาย,N,Y,1,5,วิศวกรไฟฟ้า,พนักงานตามสัญญาจ้าง,Y,กรุงเทพมหานคร,945720,78810,721001,5542,546539,57,673,0,N,ปกติ,Inactive,MOU-2026-605,N,18,2024-03-01
ID2026119,Member_120,29,ชาย,N,N,0,2,เจ้าหน้าที่วิทยุการบิน,พนักงานตามสัญญาจ้าง,Y,ยโสธร,1404444,117037,721001,6787,1199162,90,489,1,N,ค้างชำระเล็กน้อย,Active,MOU-2026-565,Y,105,2021-11-12
ID2026120,Member_121,23,ชาย,Y,N,1,4,นักการตลาดดิจิทัล,พนักงานตามสัญญาจ้าง,Y,สระบุรี,518292,43191,721001,3629,604178,35,635,0,N,ค้างชำระเล็กน้อย,Active,MOU-2026-531,Y,46,2024-11-06
ID2026121,Member_122,40,ชาย,N,Y,3,1,เภสัชกร,พนักงานตามสัญญาจ้าง,Y,สงขลา,288108,24009,721001,2929,244877,41,453,0,N,ค้างชำระเล็กน้อย,Inactive,MOU-2026-508,N,106,2021-07-21
ID2026122,Member_123,31,หญิง,Y,N,0,5,นักกายภาพบำบัด,พนักงานตามสัญญาจ้าง,Y,อุบลราชธานี,1255668,104639,721001,1976,1747085,20,329,1,N,ปกติ,Active,MOU-2026-329,Y,69,2024-01-31
ID2026123,Member_124,46,ชาย,Y,N,3,4,ผู้จัดการโรงงาน,พนักงานตามสัญญาจ้าง,N,พังงา,261012,21751,721001,3858,1277074,57,823,0,N,ค้างชำระเล็กน้อย,Active,MOU-2026-577,N,102,2023-08-01
ID2026124,Member_125,34,หญิง,Y,Y,3,3,พนักงานการท่าอากาศยาน,พนักงานตามสัญญาจ้าง,N,ปทุมธานี,314256,26188,721001,1659,944033,86,553,1,N,ค้างชำระเล็กน้อย,Inactive,MOU-2026-384,Y,54,2024-06-03
ID2026125,Member_126,34,ชาย,Y,N,2,2,ผู้จัดการโรงงาน,พนักงานตามสัญญาจ้าง,N,เพชรบุรี,964884,80407,721001,6963,426606,1,612,1,N,ปกติ,Active,MOU-2026-223,Y,39,2025-06-14
ID2026126,Member_127,33,ชาย,N,N,0,3,นักการตลาดดิจิทัล,บรรจุประจำ,N,นราธิวาส,1058412,88201,721001,1658,246502,53,816,1,Y,ค้างชำระเล็กน้อย,Inactive,MOU-2026-368,Y,116,2022-05-20
ID2026127,Member_128,51,ชาย,N,N,2,1,นักโภชนาการ,บรรจุประจำ,N,เพชรบุรี,348348,29029,721001,1482,814178,44,630,2,N,ค้างชำระเล็กน้อย,Active,MOU-2026-550,N,108,2023-03-18
ID2026128,Member_129,48,ชาย,Y,Y,1,1,ทันตแพทย์,บรรจุประจำ,N,พิษณุโลก,1361736,113478,721001,1700,958534,76,773,0,N,ค้างชำระเล็กน้อย,Inactive,MOU-2026-501,N,90,2023-04-22
ID2026129,Member_130,59,หญิง,Y,Y,3,3,พยาบาลวิชาชีพ,บรรจุประจำ,N,นนทบุรี,810144,67512,721001,5244,1794728,76,515,2,N,ค้างชำระเล็กน้อย,Inactive,MOU-2026-725,N,32,2025-03-29
ID2026130,Member_131,22,ชาย,N,N,0,5,นักการทูต,พนักงานตามสัญญาจ้าง,Y,นครราชสีมา,779304,64942,721001,6809,1183957,20,721,2,N,ค้างชำระเล็กน้อย,Active,MOU-2026-410,Y,88,2021-08-23
ID2026131,Member_132,41,ชาย,Y,N,1,1,ผู้จัดการโรงงาน,พนักงานตามสัญญาจ้าง,Y,ขอนแก่น,612432,51036,721001,3753,1997317,31,847,1,N,ปกติ,Inactive,MOU-2026-213,Y,49,2023-05-13
ID2026132,Member_133,50,หญิง,Y,Y,3,3,ครูผู้ช่วย,บรรจุประจำ,N,อ่างทอง,1046676,87223,721001,5077,1431748,73,799,2,Y,ค้างชำระเล็กน้อย,Active,MOU-2026-776,Y,61,2022-01-27
ID2026133,Member_134,58,ชาย,Y,N,0,4,เจ้าพนักงานที่ดิน,พนักงานตามสัญญาจ้าง,N,เชียงราย,667992,55666,721001,6247,582823,73,434,2,N,ค้างชำระเล็กน้อย,Active,MOU-2026-236,Y,94,2024-01-31
ID2026134,Member_135,38,ชาย,N,Y,3,4,นิติกร,บรรจุประจำ,N,ยะลา,1205160,100430,721001,2529,465542,70,391,1,Y,ปกติ,Inactive,MOU-2026-657,Y,88,2022-07-05
ID2026135,Member_136,54,ชาย,N,Y,0,1,นักรังสีการแพทย์,พนักงานตามสัญญาจ้าง,Y,สมุทรปราการ,821928,68494,721001,2111,1950129,41,490,1,N,ค้างชำระเล็กน้อย,Inactive,MOU-2026-306,Y,16,2024-01-12
ID2026136,Member_137,53,หญิง,N,N,2,5,นักวิชาการสาธารณสุข,พนักงานตามสัญญาจ้าง,Y,ปทุมธานี,502608,41884,721001,5850,184838,1,816,0,Y,ปกติ,Active,MOU-2026-236,Y,90,2021-12-11
ID2026137,Member_138,49,หญิง,N,N,3,1,ตำรวจ,บรรจุประจำ,Y,นครราชสีมา,310092,25841,721001,6575,928711,20,846,2,N,ปกติ,Active,MOU-2026-805,N,56,2021-03-15
ID2026138,Member_139,26,หญิง,Y,Y,2,3,พนักงานไปรษณีย์,บรรจุประจำ,Y,อุตรดิตถ์,532944,44412,721001,3442,1725359,2,332,0,Y,ปกติ,Active,MOU-2026-741,Y,100,2023-11-17
ID2026139,Member_140,29,ชาย,Y,N,2,5,เจ้าหน้าที่ธนาคารรัฐ,บรรจุประจำ,Y,สุรินทร์,889524,74127,721001,1259,723621,2,805,2,Y,ปกติ,Inactive,MOU-2026-519,N,69,2023-08-31
ID2026140,Member_141,49,หญิง,Y,N,0,2,พยาบาลวิชาชีพ,บรรจุประจำ,Y,พังงา,417408,34784,721001,6064,1506831,49,477,0,Y,ปกติ,Inactive,MOU-2026-886,Y,94,2025-03-28
ID2026141,Member_142,46,ชาย,Y,Y,2,1,นักการตลาดดิจิทัล,บรรจุประจำ,Y,สงขลา,369900,30825,721001,4841,646971,95,489,1,N,ปกติ,Active,MOU-2026-997,N,43,2025-04-29
ID2026142,Member_143,52,หญิง,Y,Y,0,5,ทหาร,บรรจุประจำ,N,อุตรดิตถ์,715056,59588,721001,6252,1610875,72,707,0,N,ปกติ,Active,MOU-2026-712,N,58,2025-03-14
ID2026143,Member_144,28,ชาย,Y,N,3,2,เภสัชกร,พนักงานตามสัญญาจ้าง,N,ปทุมธานี,1245168,103764,721001,1055,1510415,41,719,1,Y,ปกติ,Inactive,MOU-2026-979,Y,21,2021-03-25
ID2026144,Member_145,28,ชาย,N,N,2,3,เจ้าพนักงานที่ดิน,พนักงานตามสัญญาจ้าง,N,นครปฐม,1282716,106893,721001,739,1338096,42,800,0,Y,ค้างชำระเล็กน้อย,Active,MOU-2026-733,Y,107,2022-09-08
ID2026145,Member_146,59,หญิง,Y,Y,0,4,นักการทูต,บรรจุประจำ,Y,กระบี่,562632,46886,721001,4102,1174388,33,430,0,N,ปกติ,Inactive,MOU-2026-838,Y,79,2025-11-16
ID2026146,Member_147,36,หญิง,Y,Y,0,5,นักกายภาพบำบัด,พนักงานตามสัญญาจ้าง,N,ลพบุรี,1278828,106569,721001,661,117956,31,601,1,N,ปกติ,Active,MOU-2026-306,N,16,2021-10-18
ID2026147,Member_148,40,ชาย,N,Y,2,5,นักกฎหมายบริษัท,พนักงานตามสัญญาจ้าง,N,นนทบุรี,816696,68058,721001,2927,513672,29,692,1,N,ปกติ,Active,MOU-2026-161,Y,24,2025-11-22
ID2026148,Member_149,42,ชาย,Y,N,0,1,นักวิชาการตรวจสอบภายใน,บรรจุประจำ,N,ประจวบคีรีขันธ์,911580,75965,721001,1946,1072544,77,400,0,Y,ค้างชำระเล็กน้อย,Active,MOU-2026-590,Y,108,2023-05-19
ID2026149,Member_150,41,หญิง,N,Y,2,3,นักวิชาการเงินและบัญชี,บรรจุประจำ,Y,ราชบุรี,422976,35248,721001,901,1677791,24,393,0,Y,ปกติ,Active,MOU-2026-537,N,105,2024-07-01
ID2026150,Member_151,57,ชาย,N,N,1,4,นักวิชาการสาธารณสุข,บรรจุประจำ,N,นครสวรรค์,1208760,100730,721001,6479,276274,27,480,1,N,ค้างชำระเล็กน้อย,Inactive,MOU-2026-781,N,85,2022-09-26
ID2026151,Member_152,28,หญิง,N,N,2,2,บุคลากรทางการศึกษา,บรรจุประจำ,Y,ตราด,1200024,100002,721001,510,1076120,59,431,2,N,ค้างชำระเล็กน้อย,Inactive,MOU-2026-915,N,99,2025-09-29
ID2026152,Member_153,24,ชาย,Y,Y,2,3,นักจดหมายเหตุ,พนักงานตามสัญญาจ้าง,Y,เชียงราย,307812,25651,721001,1416,1325911,57,651,0,N,ค้างชำระเล็กน้อย,Inactive,MOU-2026-300,N,47,2021-07-14
ID2026153,Member_154,29,หญิง,Y,Y,2,5,นิติกร,พนักงานตามสัญญาจ้าง,N,ประจวบคีรีขันธ์,782328,65194,721001,6232,187704,4,492,2,N,ปกติ,Inactive,MOU-2026-443,Y,33,2025-02-23
ID2026154,Member_155,23,หญิง,N,Y,1,4,นักวิชาการตรวจสอบภายใน,บรรจุประจำ,N,ลำพูน,1235064,102922,721001,2561,933502,19,721,2,N,ค้างชำระเล็กน้อย,Active,MOU-2026-212,Y,18,2023-11-28
ID2026155,Member_156,29,หญิง,N,N,2,1,อาจารย์มหาวิทยาลัย,พนักงานตามสัญญาจ้าง,Y,แม่ฮ่องสอน,889560,74130,721001,2883,1960368,11,750,0,Y,ปกติ,Inactive,MOU-2026-688,N,57,2024-12-01
ID2026156,Member_157,41,ชาย,Y,N,3,5,วิศวกรโยธา,พนักงานตามสัญญาจ้าง,Y,สุราษฎร์ธานี,840192,70016,721001,7121,309402,63,644,1,N,ปกติ,Active,MOU-2026-891,N,87,2023-09-03
ID2026157,Member_158,32,ชาย,N,Y,3,1,นักผังเมือง,บรรจุประจำ,Y,ขอนแก่น,274092,22841,721001,4577,686909,81,797,0,Y,ค้างชำระเล็กน้อย,Active,MOU-2026-363,Y,81,2023-02-15
ID2026158,Member_159,55,หญิง,N,Y,1,5,พนักงานการไฟฟ้า,พนักงานตามสัญญาจ้าง,Y,ชัยภูมิ,985044,82087,721001,2905,1253925,65,500,2,Y,ปกติ,Inactive,MOU-2026-738,Y,25,2025-09-16
ID2026159,Member_160,28,ชาย,N,Y,1,4,นักห้องสมุด,พนักงานตามสัญญาจ้าง,N,ลพบุรี,751680,62640,721001,860,1935430,52,465,0,N,ค้างชำระเล็กน้อย,Inactive,MOU-2026-200,Y,47,2021-05-06
ID2026160,Member_161,59,หญิง,N,N,2,4,ตำรวจ,บรรจุประจำ,Y,ลำพูน,1312416,109368,721001,2838,1901916,35,631,2,N,ค้างชำระเล็กน้อย,Active,MOU-2026-235,Y,93,2021-11-20
ID2026161,Member_162,28,หญิง,Y,N,3,4,นักวิชาการตรวจสอบภายใน,พนักงานตามสัญญาจ้าง,N,พิจิตร,826632,68886,721001,271,1979960,58,378,0,N,ปกติ,Inactive,MOU-2026-676,Y,61,2021-07-14
ID2026162,Member_163,36,หญิง,N,Y,0,4,สถาปนิก,พนักงานตามสัญญาจ้าง,Y,พะเยา,852504,71042,721001,2141,1379194,45,740,1,N,ปกติ,Inactive,MOU-2026-962,Y,98,2023-02-27
ID2026163,Member_164,27,ชาย,Y,N,2,1,นักวิชาการตรวจสอบภายใน,พนักงานตามสัญญาจ้าง,Y,พิจิตร,1363512,113626,721001,1036,83563,1,635,2,Y,ค้างชำระเล็กน้อย,Active,MOU-2026-144,N,53,2021-09-15
ID2026164,Member_165,31,ชาย,Y,Y,2,1,เภสัชกร,บรรจุประจำ,Y,นครศรีธรรมราช,627276,52273,721001,579,711280,62,589,1,N,ค้างชำระเล็กน้อย,Active,MOU-2026-597,Y,86,2023-11-02
ID2026165,Member_166,51,ชาย,Y,N,2,2,พนักงานการไฟฟ้า,บรรจุประจำ,N,เชียงใหม่,841344,70112,721001,2042,1988838,0,456,1,N,ค้างชำระเล็กน้อย,Active,MOU-2026-743,Y,22,2021-07-19
ID2026166,Member_167,40,ชาย,N,N,2,3,อาจารย์มหาวิทยาลัย,บรรจุประจำ,Y,สุราษฎร์ธานี,954672,79556,721001,1544,1461183,5,577,1,N,ปกติ,Active,MOU-2026-864,Y,29,2024-03-27
ID2026167,Member_168,43,หญิง,N,N,3,3,อาจารย์มหาวิทยาลัย,บรรจุประจำ,Y,นครสวรรค์,1296840,108070,721001,4066,265886,71,726,2,N,ปกติ,Inactive,MOU-2026-630,N,89,2023-08-06
ID2026168,Member_169,23,ชาย,Y,N,2,5,เจ้าพนักงานปกครอง,บรรจุประจำ,N,ยโสธร,1380900,115075,721001,2977,223153,5,322,2,N,ค้างชำระเล็กน้อย,Inactive,MOU-2026-433,N,54,2022-12-10
ID2026169,Member_170,47,ชาย,N,N,1,3,นักการทูต,บรรจุประจำ,Y,ลพบุรี,1275204,106267,721001,3962,1125104,41,504,2,Y,ปกติ,Inactive,MOU-2026-346,N,70,2023-09-23
ID2026170,Member_171,56,หญิง,Y,N,0,1,เจ้าหน้าที่ธุรการ,พนักงานตามสัญญาจ้าง,N,สิงห์บุรี,1195020,99585,721001,878,1470930,23,579,0,N,ค้างชำระเล็กน้อย,Inactive,MOU-2026-349,Y,39,2024-12-28
ID2026171,Member_172,48,ชาย,N,Y,0,2,ผู้จัดการโรงงาน,บรรจุประจำ,N,ชลบุรี,302412,25201,721001,4968,336865,60,467,1,Y,ปกติ,Inactive,MOU-2026-940,N,72,2025-10-21
ID2026172,Member_173,46,หญิง,Y,N,0,3,พนักงานไปรษณีย์,พนักงานตามสัญญาจ้าง,N,เชียงใหม่,1245936,103828,721001,2431,71459,68,389,2,N,ปกติ,Inactive,MOU-2026-334,Y,84,2021-06-11
ID2026173,Member_174,58,ชาย,Y,Y,0,4,นักเทคนิคการแพทย์,บรรจุประจำ,Y,ตราด,578808,48234,721001,3095,1046200,33,796,0,N,ค้างชำระเล็กน้อย,Active,MOU-2026-221,N,87,2022-06-09
ID2026174,Member_175,44,ชาย,Y,N,1,2,นักผังเมือง,บรรจุประจำ,N,นนทบุรี,1081008,90084,721001,2821,664431,8,842,1,Y,ค้างชำระเล็กน้อย,Active,MOU-2026-651,N,65,2024-10-29
ID2026175,Member_176,26,ชาย,N,N,1,4,วิศวกรไฟฟ้า,บรรจุประจำ,N,สมุทรปราการ,482232,40186,721001,939,208693,62,786,2,N,ค้างชำระเล็กน้อย,Inactive,MOU-2026-892,N,25,2025-01-20
ID2026176,Member_177,32,หญิง,N,Y,0,4,นักผังเมือง,บรรจุประจำ,N,ปัตตานี,505344,42112,721001,942,1079662,33,401,1,N,ค้างชำระเล็กน้อย,Inactive,MOU-2026-126,Y,95,2021-04-19
ID2026177,Member_178,33,ชาย,Y,Y,2,3,นักประชาสัมพันธ์,พนักงานตามสัญญาจ้าง,N,กรุงเทพมหานคร,451344,37612,721001,2756,574024,28,568,1,Y,ค้างชำระเล็กน้อย,Active,MOU-2026-196,Y,12,2025-05-12
ID2026178,Member_179,28,ชาย,N,Y,1,1,นักผังเมือง,พนักงานตามสัญญาจ้าง,N,เชียงใหม่,690204,57517,721001,6598,860257,43,497,2,Y,ปกติ,Active,MOU-2026-747,Y,77,2024-10-09
ID2026179,Member_180,41,หญิง,Y,Y,1,2,ผู้จัดการโรงงาน,บรรจุประจำ,Y,สงขลา,964560,80380,721001,7259,1089949,36,354,1,Y,ปกติ,Inactive,MOU-2026-998,N,109,2022-05-12
ID2026180,Member_181,36,ชาย,Y,N,0,5,แพทย์เฉพาะทาง,พนักงานตามสัญญาจ้าง,N,เพชรบุรี,468924,39077,721001,2407,955768,75,345,2,N,ค้างชำระเล็กน้อย,Inactive,MOU-2026-350,Y,80,2022-07-01
ID2026181,Member_182,59,ชาย,N,Y,3,3,พนักงานไปรษณีย์,พนักงานตามสัญญาจ้าง,Y,จันทบุรี,1161516,96793,721001,1928,1993385,22,312,1,N,ค้างชำระเล็กน้อย,Active,MOU-2026-497,N,62,2025-09-23
ID2026182,Member_183,55,หญิง,Y,N,2,1,เจ้าหน้าที่ศาลยุติธรรม,พนักงานตามสัญญาจ้าง,Y,สกลนคร,1046676,87223,721001,2501,826617,6,723,1,N,ปกติ,Inactive,MOU-2026-613,Y,102,2023-03-23
ID2026183,Member_184,37,ชาย,N,Y,3,3,นักวิเคราะห์นโยบายและแผน,บรรจุประจำ,Y,อ่างทอง,762876,63573,721001,6724,738236,6,740,0,Y,ปกติ,Active,MOU-2026-316,Y,20,2025-05-25
ID2026184,Member_185,38,หญิง,N,N,0,5,พนักงานการประปา,บรรจุประจำ,N,สุราษฎร์ธานี,769704,64142,721001,3829,463030,28,310,2,N,ค้างชำระเล็กน้อย,Active,MOU-2026-269,N,45,2024-07-31
ID2026185,Member_186,37,หญิง,Y,N,0,1,เจ้าหน้าที่ธนาคารรัฐ,พนักงานตามสัญญาจ้าง,Y,กรุงเทพมหานคร,741732,61811,721001,955,460482,72,410,1,Y,ปกติ,Active,MOU-2026-259,N,120,2025-09-05
ID2026186,Member_187,52,ชาย,Y,N,1,2,พยาบาลวิชาชีพ,พนักงานตามสัญญาจ้าง,N,นครปฐม,1382172,115181,721001,3400,1598484,39,359,1,N,ปกติ,Active,MOU-2026-416,Y,14,2023-03-18
ID2026187,Member_188,58,หญิง,Y,N,2,3,นักวิเคราะห์ข้อมูล,พนักงานตามสัญญาจ้าง,Y,อุดรธานี,1248672,104056,721001,3031,612706,61,702,2,N,ค้างชำระเล็กน้อย,Inactive,MOU-2026-489,Y,47,2024-07-13
ID2026188,Member_189,29,ชาย,Y,Y,1,3,เจ้าหน้าที่ตรวจสอบคุณภาพ,บรรจุประจำ,N,สตูล,1096176,91348,721001,6725,815906,38,591,1,N,ค้างชำระเล็กน้อย,Active,MOU-2026-307,Y,86,2024-05-07
ID2026189,Member_190,23,ชาย,Y,N,2,1,เจ้าหน้าที่วิทยุการบิน,พนักงานตามสัญญาจ้าง,Y,ลำปาง,565260,47105,721001,4165,1764465,83,463,0,N,ปกติ,Active,MOU-2026-165,Y,61,2025-01-17
ID2026190,Member_191,34,ชาย,N,N,0,5,ผู้จัดการโรงงาน,พนักงานตามสัญญาจ้าง,N,ชัยภูมิ,218940,18245,721001,2708,205100,40,657,0,N,ปกติ,Inactive,MOU-2026-416,Y,67,2024-05-01
ID2026191,Member_192,56,หญิง,Y,Y,2,3,นักวิชาการสาธารณสุข,พนักงานตามสัญญาจ้าง,N,ตราด,1036752,86396,721001,986,1839095,96,443,2,N,ค้างชำระเล็กน้อย,Inactive,MOU-2026-909,Y,30,2025-05-12
ID2026192,Member_193,30,หญิง,N,Y,0,5,นักวิชาการสาธารณสุข,บรรจุประจำ,Y,ลพบุรี,466428,38869,721001,2797,1681019,73,557,2,Y,ค้างชำระเล็กน้อย,Inactive,MOU-2026-689,Y,50,2023-09-10
ID2026193,Member_194,31,หญิง,Y,Y,2,2,นักประชาสัมพันธ์,พนักงานตามสัญญาจ้าง,Y,ฉะเชิงเทรา,803484,66957,721001,4738,1489358,100,613,2,N,ค้างชำระเล็กน้อย,Inactive,MOU-2026-268,N,87,2025-08-20
ID2026194,Member_195,55,ชาย,Y,Y,3,2,นักรังสีการแพทย์,พนักงานตามสัญญาจ้าง,N,พระนครศรีอยุธยา,1404852,117071,721001,927,1002906,17,611,0,N,ค้างชำระเล็กน้อย,Inactive,MOU-2026-708,Y,36,2023-12-13
ID2026195,Member_196,45,หญิง,Y,Y,3,2,พนักงานการประปา,บรรจุประจำ,N,กระบี่,760872,63406,721001,2801,1739321,78,439,1,Y,ปกติ,Active,MOU-2026-949,Y,55,2022-11-25
ID2026196,Member_197,43,ชาย,N,Y,2,5,นักวิเคราะห์นโยบายและแผน,บรรจุประจำ,N,พังงา,1073964,89497,721001,5800,825949,39,468,2,N,ปกติ,Inactive,MOU-2026-333,Y,83,2024-12-12
ID2026197,Member_198,32,ชาย,Y,Y,1,1,ผู้จัดการฝ่ายบุคคล,บรรจุประจำ,Y,ชัยภูมิ,881460,73455,721001,5233,1041211,71,382,1,N,ค้างชำระเล็กน้อย,Inactive,MOU-2026-155,N,33,2025-06-30
ID2026198,Member_199,34,หญิง,N,N,3,2,ปลัดอำเภอ,บรรจุประจำ,N,ฉะเชิงเทรา,1409604,117467,721001,378,1676473,5,412,2,N,ปกติ,Inactive,MOU-2026-657,N,98,2021-02-17
ID2026199,Member_200,34,หญิง,Y,N,0,4,นักบัญชีอาวุโส,บรรจุประจำ,N,ลพบุรี,1028832,85736,721001,3033,301925,33,330,1,N,ปกติ,Active,MOU-2026-336,N,49,2021-12-14
ID2026200,Member_201,43,ชาย,Y,Y,2,5,สถาปนิก,บรรจุประจำ,Y,สุราษฎร์ธานี,627000,52250,721001,815,1061639,5,552,0,Y,ค้างชำระเล็กน้อย,Active,MOU-2026-401,Y,29,2023-04-11
ID2026201,Member_202,23,ชาย,Y,N,3,4,นักห้องสมุด,บรรจุประจำ,Y,พะเยา,826068,68839,721001,3190,784341,63,785,0,Y,ค้างชำระเล็กน้อย,Active,MOU-2026-380,Y,38,2025-03-01
ID2026202,Member_203,54,ชาย,N,Y,3,5,นักสังคมสงเคราะห์,บรรจุประจำ,N,สระบุรี,641268,53439,721001,2703,228673,44,579,1,Y,ค้างชำระเล็กน้อย,Active,MOU-2026-476,N,48,2025-10-14
ID2026203,Member_204,50,ชาย,N,N,0,1,บุคลากรทางการศึกษา,บรรจุประจำ,N,ปทุมธานี,580848,48404,721001,7107,1290379,98,599,2,N,ปกติ,Inactive,MOU-2026-386,Y,23,2024-11-24
ID2026204,Member_205,40,ชาย,N,Y,2,1,เจ้าพนักงานปกครอง,บรรจุประจำ,N,นครปฐม,980928,81744,721001,790,681414,12,765,1,N,ปกติ,Active,MOU-2026-367,N,85,2024-04-20
ID2026205,Member_206,44,ชาย,N,N,0,4,นักวิชาการเงินและบัญชี,บรรจุประจำ,N,สมุทรปราการ,755580,62965,721001,6456,1589141,68,549,2,N,ค้างชำระเล็กน้อย,Active,MOU-2026-657,N,101,2022-06-20
ID2026206,Member_207,59,หญิง,N,N,0,2,นักวิเคราะห์ข้อมูล,พนักงานตามสัญญาจ้าง,N,นครศรีธรรมราช,503112,41926,721001,2198,1575625,16,567,1,Y,ค้างชำระเล็กน้อย,Inactive,MOU-2026-602,N,19,2024-06-08
ID2026207,Member_208,46,หญิง,Y,N,3,3,เจ้าหน้าที่วิทยุการบิน,บรรจุประจำ,N,ฉะเชิงเทรา,1162716,96893,721001,4860,1343439,87,785,2,N,ค้างชำระเล็กน้อย,Active,MOU-2026-583,N,79,2024-01-22
ID2026208,Member_209,36,ชาย,Y,N,2,1,นักวิชาการคอมพิวเตอร์,บรรจุประจำ,N,นนทบุรี,1110372,92531,721001,4476,670151,60,473,0,N,ปกติ,Active,MOU-2026-963,N,56,2024-09-24
ID2026209,Member_210,29,ชาย,N,N,0,2,นักการทูต,บรรจุประจำ,Y,ร้อยเอ็ด,558984,46582,721001,4250,1075158,85,755,2,N,ค้างชำระเล็กน้อย,Inactive,MOU-2026-515,N,103,2023-12-11
ID2026210,Member_211,32,ชาย,N,N,3,2,เจ้าหน้าที่ศาลยุติธรรม,บรรจุประจำ,N,อุบลราชธานี,936264,78022,721001,5463,1842777,63,322,0,Y,ค้างชำระเล็กน้อย,Active,MOU-2026-258,Y,115,2021-10-30
ID2026211,Member_212,42,ชาย,N,N,3,5,เจ้าหน้าที่วิทยุการบิน,พนักงานตามสัญญาจ้าง,N,ลำพูน,529164,44097,721001,5890,1772264,49,637,2,Y,ปกติ,Active,MOU-2026-641,N,36,2022-10-01
ID2026212,Member_213,60,ชาย,Y,Y,0,2,นักการตลาดดิจิทัล,พนักงานตามสัญญาจ้าง,Y,ชลบุรี,806328,67194,721001,5328,743043,30,398,0,Y,ปกติ,Inactive,MOU-2026-961,N,25,2023-05-11
ID2026213,Member_214,45,หญิง,Y,Y,0,4,สถาปนิก,พนักงานตามสัญญาจ้าง,Y,ตราด,867348,72279,721001,1810,550437,36,621,1,Y,ปกติ,Inactive,MOU-2026-891,Y,17,2024-12-04
ID2026214,Member_215,37,ชาย,N,N,0,5,นิติกร,พนักงานตามสัญญาจ้าง,N,นนทบุรี,422784,35232,721001,4042,556292,2,755,2,N,ปกติ,Active,MOU-2026-995,N,120,2023-06-20
ID2026215,Member_216,59,หญิง,Y,Y,0,2,นักเทคนิคการแพทย์,บรรจุประจำ,N,นนทบุรี,539088,44924,721001,804,436850,34,312,1,N,ค้างชำระเล็กน้อย,Inactive,MOU-2026-475,N,78,2023-02-26
ID2026216,Member_217,53,ชาย,N,N,3,5,บุคลากรทางการศึกษา,บรรจุประจำ,N,พะเยา,638148,53179,721001,3468,1562248,32,414,2,Y,ปกติ,Active,MOU-2026-417,N,67,2021-10-09
ID2026217,Member_218,45,หญิง,Y,N,0,4,นักวิชาการคอมพิวเตอร์,พนักงานตามสัญญาจ้าง,Y,จันทบุรี,420756,35063,721001,4015,711719,56,476,0,N,ปกติ,Inactive,MOU-2026-307,N,104,2023-10-01
ID2026218,Member_219,43,ชาย,N,Y,3,4,นักกฎหมายบริษัท,บรรจุประจำ,Y,ปทุมธานี,613656,51138,721001,2730,1047347,21,829,0,N,ค้างชำระเล็กน้อย,Inactive,MOU-2026-817,Y,39,2022-10-06
ID2026219,Member_220,53,ชาย,N,N,1,4,นักสังคมสงเคราะห์,พนักงานตามสัญญาจ้าง,N,ภูเก็ต,1160172,96681,721001,3812,1509872,66,620,0,Y,ค้างชำระเล็กน้อย,Active,MOU-2026-588,N,30,2025-10-04
ID2026220,Member_221,33,ชาย,N,N,0,1,เจ้าพนักงานปกครอง,บรรจุประจำ,N,ชลบุรี,1215252,101271,721001,4238,1435295,6,614,0,N,ค้างชำระเล็กน้อย,Inactive,MOU-2026-613,Y,77,2021-10-04
ID2026221,Member_222,56,ชาย,Y,Y,1,3,ทันตแพทย์,บรรจุประจำ,Y,ตาก,240588,20049,721001,6280,779124,31,327,2,Y,ปกติ,Inactive,MOU-2026-402,Y,27,2025-06-16
ID2026222,Member_223,47,ชาย,N,Y,1,1,บุคลากรทางการศึกษา,บรรจุประจำ,N,ยโสธร,448980,37415,721001,4634,602456,7,785,0,N,ค้างชำระเล็กน้อย,Active,MOU-2026-137,N,24,2023-07-19
ID2026223,Member_224,51,หญิง,Y,N,0,4,นักบัญชีอาวุโส,บรรจุประจำ,N,กาญจนบุรี,879012,73251,721001,3459,595980,94,373,0,N,ค้างชำระเล็กน้อย,Inactive,MOU-2026-951,N,41,2022-02-16
ID2026224,Member_225,29,หญิง,N,Y,1,4,เจ้าหน้าที่วิทยุการบิน,บรรจุประจำ,N,แม่ฮ่องสอน,368904,30742,721001,2871,1626119,29,530,2,N,ค้างชำระเล็กน้อย,Active,MOU-2026-228,Y,72,2023-07-07
ID2026225,Member_226,52,ชาย,N,Y,0,4,นักการตลาดดิจิทัล,บรรจุประจำ,Y,เชียงราย,1372920,114410,721001,2203,558123,43,572,1,Y,ปกติ,Active,MOU-2026-754,Y,33,2024-01-09
ID2026226,Member_227,37,หญิง,Y,N,1,3,เจ้าหน้าที่วิทยุการบิน,พนักงานตามสัญญาจ้าง,Y,ชลบุรี,913848,76154,721001,1379,47258,67,346,2,Y,ปกติ,Active,MOU-2026-234,Y,20,2022-07-03
ID2026227,Member_228,52,ชาย,N,N,2,1,เจ้าพนักงานกรมศุลกากร,บรรจุประจำ,N,บุรีรัมย์,811932,67661,721001,2783,1261645,63,322,0,N,ปกติ,Active,MOU-2026-765,N,120,2021-10-07
ID2026228,Member_229,36,หญิง,N,N,3,2,เจ้าพนักงานปกครอง,พนักงานตามสัญญาจ้าง,Y,ตาก,498276,41523,721001,406,1605119,8,700,1,N,ปกติ,Inactive,MOU-2026-735,Y,18,2023-12-30
ID2026229,Member_230,42,หญิง,N,N,0,5,นักจดหมายเหตุ,พนักงานตามสัญญาจ้าง,Y,ยโสธร,440280,36690,721001,2883,1735417,95,610,2,Y,ค้างชำระเล็กน้อย,Active,MOU-2026-762,N,45,2025-08-17
ID2026230,Member_231,37,หญิง,Y,Y,1,2,นักวิชาการตรวจสอบภายใน,บรรจุประจำ,Y,นนทบุรี,1249896,104158,721001,4259,286164,13,742,1,N,ค้างชำระเล็กน้อย,Inactive,MOU-2026-279,N,67,2025-11-03
ID2026231,Member_232,40,ชาย,N,Y,0,3,นักวิเคราะห์นโยบายและแผน,บรรจุประจำ,Y,สระบุรี,1160304,96692,721001,2776,1585637,97,835,0,N,ค้างชำระเล็กน้อย,Active,MOU-2026-879,N,72,2021-11-30
ID2026232,Member_233,40,ชาย,N,N,3,4,วิศวกรโยธา,พนักงานตามสัญญาจ้าง,N,สกลนคร,582900,48575,721001,1923,1706856,86,650,0,Y,ค้างชำระเล็กน้อย,Active,MOU-2026-978,N,97,2022-03-07
ID2026233,Member_234,23,หญิง,N,Y,0,3,นักประชาสัมพันธ์,พนักงานตามสัญญาจ้าง,N,ปทุมธานี,380784,31732,721001,3121,397459,19,668,0,N,ปกติ,Inactive,MOU-2026-990,Y,31,2023-09-20
ID2026234,Member_235,38,หญิง,N,N,0,3,นักวิชาการคอมพิวเตอร์,พนักงานตามสัญญาจ้าง,Y,เชียงราย,1333404,111117,721001,2269,1267144,27,355,0,Y,ปกติ,Active,MOU-2026-777,Y,77,2024-11-03
ID2026235,Member_236,47,หญิง,N,N,3,2,เจ้าพนักงานที่ดิน,พนักงานตามสัญญาจ้าง,Y,พระนครศรีอยุธยา,902568,75214,721001,1297,477520,93,666,0,Y,ค้างชำระเล็กน้อย,Active,MOU-2026-951,N,57,2023-11-06
ID2026236,Member_237,41,หญิง,Y,N,3,5,พนักงานบริหารงานทั่วไป,บรรจุประจำ,N,สุรินทร์,621000,51750,721001,5260,1657875,27,797,1,N,ค้างชำระเล็กน้อย,Active,MOU-2026-830,Y,46,2022-02-15
ID2026237,Member_238,23,หญิง,Y,Y,0,1,นักการตลาดดิจิทัล,บรรจุประจำ,Y,สุรินทร์,655428,54619,721001,6610,1632596,30,426,0,N,ปกติ,Inactive,MOU-2026-784,Y,43,2022-03-12
ID2026238,Member_239,49,ชาย,N,N,2,4,นักผังเมือง,บรรจุประจำ,N,นราธิวาส,1199340,99945,721001,1715,522744,82,456,1,N,ค้างชำระเล็กน้อย,Inactive,MOU-2026-410,N,74,2023-03-10
ID2026239,Member_240,25,หญิง,N,Y,3,2,ผู้จัดการฝ่ายบุคคล,บรรจุประจำ,N,นราธิวาส,1304556,108713,721001,5320,1867381,65,717,0,N,ปกติ,Inactive,MOU-2026-211,N,29,2025-05-03
ID2026240,Member_241,59,หญิง,N,N,0,4,เจ้าหน้าที่ศาลยุติธรรม,บรรจุประจำ,Y,ราชบุรี,1238040,103170,721001,1114,1736708,23,666,2,Y,ปกติ,Active,MOU-2026-825,Y,23,2025-02-11
ID2026241,Member_242,37,หญิง,N,Y,0,5,นักรังสีการแพทย์,พนักงานตามสัญญาจ้าง,N,สงขลา,1073400,89450,721001,5105,1338674,45,806,2,Y,ปกติ,Active,MOU-2026-168,N,94,2022-05-19
ID2026242,Member_243,49,ชาย,N,N,2,4,เจ้าหน้าที่วิทยุการบิน,พนักงานตามสัญญาจ้าง,N,พิษณุโลก,644400,53700,721001,2720,1401607,6,488,1,N,ค้างชำระเล็กน้อย,Inactive,MOU-2026-685,Y,101,2023-12-13
ID2026243,Member_244,44,หญิง,Y,Y,0,3,นักเทคนิคการแพทย์,พนักงานตามสัญญาจ้าง,N,ตราด,678312,56526,721001,3006,526510,12,531,0,N,ปกติ,Active,MOU-2026-191,Y,38,2022-06-24
ID2026244,Member_245,49,ชาย,N,N,0,2,พนักงานบริหารงานทั่วไป,พนักงานตามสัญญาจ้าง,N,อ่างทอง,393756,32813,721001,1162,434277,36,339,0,N,ค้างชำระเล็กน้อย,Active,MOU-2026-474,Y,22,2025-08-22
ID2026245,Member_246,44,ชาย,N,N,0,5,นักบัญชีอาวุโส,พนักงานตามสัญญาจ้าง,Y,ลพบุรี,1210944,100912,721001,2826,1232123,95,435,1,N,ค้างชำระเล็กน้อย,Inactive,MOU-2026-142,N,52,2024-07-17
ID2026246,Member_247,48,ชาย,Y,N,2,5,นักกฎหมายบริษัท,บรรจุประจำ,N,พระนครศรีอยุธยา,1303548,108629,721001,5431,1718666,4,655,1,N,ค้างชำระเล็กน้อย,Inactive,MOU-2026-275,Y,101,2024-10-26
ID2026247,Member_248,47,หญิง,Y,Y,2,2,ทันตแพทย์,บรรจุประจำ,Y,ลำปาง,760656,63388,721001,7055,407491,62,415,1,N,ปกติ,Inactive,MOU-2026-639,N,25,2021-12-30
ID2026248,Member_249,44,หญิง,N,N,0,5,เจ้าหน้าที่ธุรการ,พนักงานตามสัญญาจ้าง,Y,กาญจนบุรี,633972,52831,721001,6021,1764463,4,429,2,Y,ค้างชำระเล็กน้อย,Inactive,MOU-2026-231,N,78,2023-10-25
ID2026249,Member_250,30,ชาย,Y,Y,2,2,ปลัดอำเภอ,พนักงานตามสัญญาจ้าง,Y,นครศรีธรรมราช,758652,63221,721001,7131,1419179,37,380,2,Y,ค้างชำระเล็กน้อย,Inactive,MOU-2026-380,Y,71,2021-12-02
ID2026250,Member_251,35,ชาย,Y,N,1,4,เจ้าพนักงานกรมศุลกากร,พนักงานตามสัญญาจ้าง,Y,สงขลา,613896,51158,721001,6121,308264,20,407,0,N,ค้างชำระเล็กน้อย,Active,MOU-2026-464,N,43,2023-11-08
ID2026251,Member_252,23,ชาย,Y,N,3,1,นักกายภาพบำบัด,บรรจุประจำ,N,สระบุรี,926916,77243,721001,3238,1798397,1,413,2,Y,ปกติ,Active,MOU-2026-861,N,42,2025-07-06
ID2026252,Member_253,36,ชาย,Y,Y,2,3,นักห้องสมุด,บรรจุประจำ,Y,ขอนแก่น,910176,75848,721001,2964,593853,3,703,0,N,ปกติ,Inactive,MOU-2026-763,Y,111,2021-02-17
ID2026253,Member_254,23,ชาย,N,N,2,3,พนักงานการท่าอากาศยาน,พนักงานตามสัญญาจ้าง,Y,พิษณุโลก,905628,75469,721001,708,121856,68,382,2,Y,ค้างชำระเล็กน้อย,Active,MOU-2026-909,Y,30,2023-10-01
ID2026254,Member_255,34,หญิง,Y,Y,1,4,นักกายภาพบำบัด,พนักงานตามสัญญาจ้าง,N,ตาก,696132,58011,721001,5232,1615591,38,495,1,N,ปกติ,Inactive,MOU-2026-324,N,61,2025-05-29
ID2026255,Member_256,22,หญิง,Y,N,1,4,นักวิชาการคอมพิวเตอร์,พนักงานตามสัญญาจ้าง,Y,ปทุมธานี,532140,44345,721001,5992,1218058,15,756,0,N,ปกติ,Inactive,MOU-2026-668,Y,68,2023-12-26
ID2026256,Member_257,44,หญิง,Y,N,0,3,เจ้าพนักงานปกครอง,พนักงานตามสัญญาจ้าง,Y,อ่างทอง,1386480,115540,721001,6246,675700,76,314,2,Y,ค้างชำระเล็กน้อย,Active,MOU-2026-229,N,35,2022-01-16
ID2026257,Member_258,45,ชาย,N,N,2,1,นักวิชาการคอมพิวเตอร์,บรรจุประจำ,N,ฉะเชิงเทรา,820212,68351,721001,235,1214272,86,661,2,Y,ค้างชำระเล็กน้อย,Active,MOU-2026-934,N,95,2025-03-11
ID2026258,Member_259,26,ชาย,N,N,0,3,นักสังคมสงเคราะห์,บรรจุประจำ,Y,สกลนคร,735624,61302,721001,3995,964531,33,542,0,Y,ค้างชำระเล็กน้อย,Inactive,MOU-2026-875,Y,117,2024-12-14
ID2026259,Member_260,34,หญิง,Y,N,2,1,ปลัดอำเภอ,พนักงานตามสัญญาจ้าง,Y,อุดรธานี,1226832,102236,721001,5871,928750,87,707,0,N,ค้างชำระเล็กน้อย,Active,MOU-2026-398,Y,25,2023-02-03
ID2026260,Member_261,53,ชาย,Y,Y,0,4,วิศวกรโยธา,พนักงานตามสัญญาจ้าง,Y,ชลบุรี,853992,71166,721001,4574,1656836,47,468,0,Y,ปกติ,Inactive,MOU-2026-610,N,58,2025-05-07
ID2026261,Member_262,42,ชาย,N,N,0,3,เภสัชกร,พนักงานตามสัญญาจ้าง,Y,สกลนคร,1053372,87781,721001,720,626614,34,593,2,N,ปกติ,Active,MOU-2026-117,Y,113,2023-01-21
ID2026262,Member_263,25,ชาย,Y,N,1,3,ผู้จัดการฝ่ายบุคคล,บรรจุประจำ,N,ร้อยเอ็ด,450180,37515,721001,7118,492383,6,380,0,Y,ค้างชำระเล็กน้อย,Inactive,MOU-2026-449,N,105,2021-06-09
ID2026263,Member_264,52,หญิง,Y,N,3,2,เจ้าพนักงานที่ดิน,บรรจุประจำ,Y,กรุงเทพมหานคร,1020324,85027,721001,3016,470331,75,300,2,Y,ปกติ,Active,MOU-2026-707,Y,115,2025-10-08
ID2026264,Member_265,51,ชาย,Y,N,0,1,นักการทูต,บรรจุประจำ,Y,ลำพูน,264912,22076,721001,6776,495589,95,679,2,N,ค้างชำระเล็กน้อย,Active,MOU-2026-350,N,60,2025-05-16
ID2026265,Member_266,51,หญิง,N,N,0,3,นักการตลาดดิจิทัล,พนักงานตามสัญญาจ้าง,N,สระบุรี,1020360,85030,721001,913,296518,48,625,0,Y,ค้างชำระเล็กน้อย,Active,MOU-2026-632,N,51,2024-12-03
ID2026266,Member_267,26,หญิง,N,Y,0,2,ผู้จัดการโรงงาน,พนักงานตามสัญญาจ้าง,Y,อุดรธานี,765228,63769,721001,3355,1621580,85,494,1,Y,ค้างชำระเล็กน้อย,Active,MOU-2026-250,Y,107,2022-05-31
ID2026267,Member_268,36,ชาย,Y,N,0,2,เจ้าพนักงานปกครอง,บรรจุประจำ,N,ปทุมธานี,561336,46778,721001,4636,1708866,59,504,1,Y,ปกติ,Inactive,MOU-2026-696,Y,101,2021-12-24
ID2026268,Member_269,59,ชาย,N,Y,2,4,เจ้าหน้าที่ตรวจสอบคุณภาพ,บรรจุประจำ,N,ปัตตานี,1236348,103029,721001,536,1932946,80,353,2,Y,ค้างชำระเล็กน้อย,Active,MOU-2026-165,N,88,2025-10-13
ID2026269,Member_270,28,ชาย,Y,Y,2,5,พนักงานไปรษณีย์,พนักงานตามสัญญาจ้าง,N,เชียงใหม่,1344048,112004,721001,3146,823848,54,672,2,N,ค้างชำระเล็กน้อย,Active,MOU-2026-609,N,19,2024-04-07
ID2026270,Member_271,55,หญิง,Y,Y,3,4,ครูผู้ช่วย,บรรจุประจำ,Y,ปทุมธานี,294864,24572,721001,6321,1728506,51,578,2,N,ค้างชำระเล็กน้อย,Active,MOU-2026-273,Y,78,2024-04-26
ID2026271,Member_272,44,ชาย,Y,N,0,5,พนักงานไปรษณีย์,บรรจุประจำ,Y,ตาก,1036872,86406,721001,6906,291305,3,523,1,N,ปกติ,Active,MOU-2026-231,Y,71,2022-04-06
ID2026272,Member_273,39,หญิง,Y,Y,3,5,นิติกร,บรรจุประจำ,N,พังงา,910452,75871,721001,316,575617,54,544,2,N,ปกติ,Inactive,MOU-2026-913,Y,28,2025-04-30
ID2026273,Member_274,51,ชาย,Y,N,2,4,พนักงานการท่าอากาศยาน,พนักงานตามสัญญาจ้าง,N,สุราษฎร์ธานี,864168,72014,721001,5260,99923,54,816,0,N,ค้างชำระเล็กน้อย,Inactive,MOU-2026-352,Y,18,2024-03-24
ID2026274,Member_275,29,ชาย,Y,N,2,4,ทหาร,พนักงานตามสัญญาจ้าง,N,นครสวรรค์,1115412,92951,721001,339,1054904,77,664,1,Y,ปกติ,Active,MOU-2026-170,Y,68,2024-05-10
ID2026275,Member_276,40,หญิง,Y,N,3,2,ทหาร,บรรจุประจำ,Y,ปัตตานี,795144,66262,721001,2783,270566,9,792,2,Y,ปกติ,Inactive,MOU-2026-185,N,73,2023-04-29
ID2026276,Member_277,48,ชาย,Y,N,2,1,เจ้าพนักงานปกครอง,พนักงานตามสัญญาจ้าง,Y,สตูล,1150236,95853,721001,1668,147965,56,743,1,Y,ค้างชำระเล็กน้อย,Active,MOU-2026-746,Y,109,2025-08-23
ID2026277,Member_278,48,ชาย,Y,N,2,4,นักรังสีการแพทย์,พนักงานตามสัญญาจ้าง,N,ลำพูน,628500,52375,721001,779,1415324,76,614,0,Y,ค้างชำระเล็กน้อย,Active,MOU-2026-819,Y,57,2023-01-21
ID2026278,Member_279,58,หญิง,N,N,3,2,สถาปนิก,พนักงานตามสัญญาจ้าง,N,พิจิตร,499440,41620,721001,3338,1721533,74,333,1,Y,ค้างชำระเล็กน้อย,Inactive,MOU-2026-397,Y,118,2023-01-22
ID2026279,Member_280,23,ชาย,N,Y,1,4,ทหาร,บรรจุประจำ,N,ประจวบคีรีขันธ์,793752,66146,721001,6223,1871284,21,755,1,N,ปกติ,Inactive,MOU-2026-762,N,57,2021-03-12
ID2026280,Member_281,60,หญิง,N,N,0,2,บุคลากรทางการศึกษา,พนักงานตามสัญญาจ้าง,Y,เชียงราย,291864,24322,721001,4479,604738,100,638,1,Y,ปกติ,Active,MOU-2026-895,N,31,2024-12-17
ID2026281,Member_282,34,ชาย,Y,N,0,5,ผู้จัดการฝ่ายบุคคล,พนักงานตามสัญญาจ้าง,N,ลำพูน,1046460,87205,721001,1678,1493714,23,473,0,N,ค้างชำระเล็กน้อย,Active,MOU-2026-820,N,29,2025-12-11
ID2026282,Member_283,23,หญิง,Y,Y,3,4,สถาปนิก,บรรจุประจำ,Y,อุตรดิตถ์,527268,43939,721001,1739,1698137,41,756,1,Y,ค้างชำระเล็กน้อย,Inactive,MOU-2026-956,N,33,2024-08-07
ID2026283,Member_284,46,ชาย,Y,Y,1,2,นักประชาสัมพันธ์,บรรจุประจำ,N,ราชบุรี,1040712,86726,721001,2309,1837424,58,349,0,N,ปกติ,Active,MOU-2026-946,N,15,2023-04-01
ID2026284,Member_285,29,หญิง,N,N,1,3,นักห้องสมุด,บรรจุประจำ,N,ตราด,613296,51108,721001,3009,178508,80,409,0,N,ปกติ,Active,MOU-2026-496,Y,112,2021-12-05
ID2026285,Member_286,22,หญิง,N,Y,3,2,สถาปนิก,พนักงานตามสัญญาจ้าง,N,นครปฐม,1181412,98451,721001,1212,1153842,99,535,1,Y,ปกติ,Inactive,MOU-2026-137,Y,74,2023-07-23
ID2026286,Member_287,52,ชาย,Y,Y,2,4,พนักงานการท่าอากาศยาน,บรรจุประจำ,N,ลำปาง,794568,66214,721001,1276,579444,12,661,2,N,ค้างชำระเล็กน้อย,Inactive,MOU-2026-399,Y,41,2021-09-14
ID2026287,Member_288,26,หญิง,N,Y,2,2,เจ้าหน้าที่วิทยุการบิน,พนักงานตามสัญญาจ้าง,N,ประจวบคีรีขันธ์,327000,27250,721001,4683,1934271,45,529,2,N,ค้างชำระเล็กน้อย,Active,MOU-2026-557,Y,78,2022-01-22
ID2026288,Member_289,25,หญิง,Y,Y,2,3,นิติกร,บรรจุประจำ,N,บุรีรัมย์,1260300,105025,721001,3075,538513,71,574,2,N,ปกติ,Inactive,MOU-2026-710,Y,76,2022-12-18
ID2026289,Member_290,46,หญิง,Y,Y,2,1,นักวิเคราะห์ข้อมูล,บรรจุประจำ,N,ประจวบคีรีขันธ์,475860,39655,721001,2392,1405146,91,679,1,Y,ปกติ,Inactive,MOU-2026-387,Y,18,2022-05-30
ID2026290,Member_291,60,ชาย,N,N,0,1,นักบัญชีอาวุโส,พนักงานตามสัญญาจ้าง,N,อ่างทอง,597324,49777,721001,4096,839309,79,431,2,N,ปกติ,Inactive,MOU-2026-443,N,105,2021-12-25
ID2026291,Member_292,48,หญิง,N,Y,2,2,บุคลากรทางการศึกษา,บรรจุประจำ,Y,อุตรดิตถ์,1076844,89737,721001,2373,192248,8,422,2,Y,ปกติ,Active,MOU-2026-568,Y,113,2023-02-26
ID2026292,Member_293,60,ชาย,Y,N,0,1,นักวิชาการเกษตร,พนักงานตามสัญญาจ้าง,Y,นครปฐม,681840,56820,721001,2473,1686907,64,490,1,N,ค้างชำระเล็กน้อย,Active,MOU-2026-623,N,24,2024-11-13
ID2026293,Member_294,45,ชาย,N,N,3,3,ตำรวจ,บรรจุประจำ,N,อุบลราชธานี,797256,66438,721001,1686,394304,21,380,2,Y,ปกติ,Active,MOU-2026-983,Y,33,2022-04-17
ID2026294,Member_295,25,ชาย,Y,N,0,4,นักวิชาการเงินและบัญชี,บรรจุประจำ,Y,ปัตตานี,1142352,95196,721001,3674,527962,65,779,2,N,ปกติ,Active,MOU-2026-446,Y,88,2021-09-01
ID2026295,Member_296,31,ชาย,N,Y,1,2,ตำรวจ,บรรจุประจำ,N,ยโสธร,568452,47371,721001,875,1044401,22,618,0,N,ปกติ,Active,MOU-2026-322,N,118,2022-08-01
ID2026296,Member_297,46,หญิง,Y,N,0,3,นิติกร,พนักงานตามสัญญาจ้าง,N,นครราชสีมา,862584,71882,721001,4415,653412,25,331,1,Y,ปกติ,Active,MOU-2026-713,N,111,2022-10-14
ID2026297,Member_298,45,ชาย,Y,N,2,4,นักห้องสมุด,พนักงานตามสัญญาจ้าง,Y,ชลบุรี,344988,28749,721001,4748,1651402,34,300,1,Y,ค้างชำระเล็กน้อย,Active,MOU-2026-560,N,52,2022-04-11
ID2026298,Member_299,29,ชาย,N,N,0,3,ครูผู้ช่วย,พนักงานตามสัญญาจ้าง,Y,ปัตตานี,846132,70511,721001,3649,1562878,47,673,1,N,ค้างชำระเล็กน้อย,Inactive,MOU-2026-424,N,94,2025-02-24
ID2026299,Member_300,37,หญิง,N,Y,2,2,นักกฎหมายบริษัท,พนักงานตามสัญญาจ้าง,N,อ่างทอง,1382652,115221,721001,5720,1354971,77,629,0,Y,ค้างชำระเล็กน้อย,Inactive,MOU-2026-189,N,32,2021-10-07
ID2026300,Member_301,48,ชาย,N,Y,1,3,นิติกร,พนักงานตามสัญญาจ้าง,Y,พิจิตร,618624,51552,721001,4883,753368,20,395,2,Y,ค้างชำระเล็กน้อย,Inactive,MOU-2026-224,Y,63,2021-04-07
ID2026301,Member_302,24,ชาย,N,N,0,3,นักสังคมสงเคราะห์,บรรจุประจำ,Y,เชียงราย,794796,66233,721001,6516,579585,54,798,1,N,ค้างชำระเล็กน้อย,Active,MOU-2026-311,Y,56,2024-04-06
ID2026302,Member_303,29,ชาย,Y,N,3,3,สถาปนิก,บรรจุประจำ,Y,สิงห์บุรี,324768,27064,721001,3555,960894,60,745,0,Y,ปกติ,Active,MOU-2026-221,Y,20,2022-10-26
ID2026303,Member_304,59,ชาย,N,Y,3,5,นักห้องสมุด,บรรจุประจำ,Y,ยโสธร,487740,40645,721001,2066,761237,33,747,2,Y,ปกติ,Inactive,MOU-2026-329,N,39,2023-02-26
ID2026304,Member_305,54,หญิง,Y,Y,2,5,นักวิเคราะห์ข้อมูล,พนักงานตามสัญญาจ้าง,N,ฉะเชิงเทรา,1275060,106255,721001,1214,271435,36,792,2,Y,ปกติ,Active,MOU-2026-223,N,36,2025-02-11
ID2026305,Member_306,40,หญิง,Y,Y,2,2,นักวิชาการคอมพิวเตอร์,พนักงานตามสัญญาจ้าง,N,สงขลา,1312944,109412,721001,4488,745343,26,708,1,Y,ค้างชำระเล็กน้อย,Active,MOU-2026-532,N,39,2024-02-17
ID2026306,Member_307,28,ชาย,N,N,0,1,พนักงานการประปา,บรรจุประจำ,N,อุบลราชธานี,862452,71871,721001,5988,1944119,94,515,0,Y,ค้างชำระเล็กน้อย,Active,MOU-2026-852,N,103,2025-08-19
ID2026307,Member_308,28,หญิง,Y,Y,2,5,พนักงานการไฟฟ้า,พนักงานตามสัญญาจ้าง,Y,ยะลา,1221072,101756,721001,2928,1335953,89,710,2,Y,ค้างชำระเล็กน้อย,Inactive,MOU-2026-223,Y,120,2025-06-12
ID2026308,Member_309,33,หญิง,Y,N,0,4,เจ้าหน้าที่วิทยุการบิน,พนักงานตามสัญญาจ้าง,Y,จันทบุรี,1159980,96665,721001,671,1791757,9,436,2,N,ค้างชำระเล็กน้อย,Active,MOU-2026-329,N,56,2022-06-02
ID2026309,Member_310,41,หญิง,N,Y,3,4,อาจารย์มหาวิทยาลัย,บรรจุประจำ,Y,ปัตตานี,582504,48542,721001,225,532553,9,570,2,N,ค้างชำระเล็กน้อย,Inactive,MOU-2026-217,Y,13,2021-12-01
ID2026310,Member_311,36,ชาย,Y,N,3,5,พนักงานการไฟฟ้า,พนักงานตามสัญญาจ้าง,N,สุรินทร์,767952,63996,721001,4786,1894781,14,306,0,N,ค้างชำระเล็กน้อย,Active,MOU-2026-223,Y,117,2023-09-28
ID2026311,Member_312,36,ชาย,N,N,3,4,พนักงานบริหารงานทั่วไป,บรรจุประจำ,N,ปทุมธานี,320136,26678,721001,3057,285167,12,517,2,Y,ค้างชำระเล็กน้อย,Active,MOU-2026-157,N,110,2024-05-11
ID2026312,Member_313,26,ชาย,Y,N,3,5,นักรังสีการแพทย์,พนักงานตามสัญญาจ้าง,Y,อุตรดิตถ์,993396,82783,721001,2013,361842,14,618,0,Y,ค้างชำระเล็กน้อย,Active,MOU-2026-888,N,99,2024-09-15
ID2026313,Member_314,53,ชาย,Y,N,2,1,นักห้องสมุด,พนักงานตามสัญญาจ้าง,Y,นราธิวาส,1314336,109528,721001,5308,1252723,53,387,0,Y,ปกติ,Inactive,MOU-2026-448,Y,36,2022-09-24
ID2026314,Member_315,45,หญิง,Y,Y,2,2,สถาปนิก,พนักงานตามสัญญาจ้าง,N,ราชบุรี,681528,56794,721001,1413,1181687,0,689,0,Y,ปกติ,Active,MOU-2026-272,N,80,2025-07-23
ID2026315,Member_316,23,หญิง,Y,Y,0,3,นักรังสีการแพทย์,พนักงานตามสัญญาจ้าง,Y,ขอนแก่น,273720,22810,721001,2554,1702214,62,810,2,Y,ค้างชำระเล็กน้อย,Inactive,MOU-2026-453,N,50,2024-07-11
ID2026316,Member_317,50,ชาย,Y,N,0,2,นักโภชนาการ,พนักงานตามสัญญาจ้าง,Y,ตราด,320340,26695,721001,1676,612490,77,557,0,Y,ปกติ,Active,MOU-2026-947,Y,99,2021-12-02
ID2026317,Member_318,39,ชาย,Y,Y,2,3,พนักงานการท่าอากาศยาน,พนักงานตามสัญญาจ้าง,N,ฉะเชิงเทรา,827820,68985,721001,6590,142901,40,556,1,N,ปกติ,Inactive,MOU-2026-526,N,91,2021-09-19
ID2026318,Member_319,53,ชาย,N,N,2,3,นักการตลาดดิจิทัล,พนักงานตามสัญญาจ้าง,N,สตูล,1215540,101295,721001,3375,464319,33,753,1,Y,ปกติ,Inactive,MOU-2026-364,Y,100,2021-07-30
ID2026319,Member_320,37,ชาย,N,Y,0,4,สถาปนิก,บรรจุประจำ,Y,ลำพูน,265476,22123,721001,1351,670667,12,608,1,Y,ค้างชำระเล็กน้อย,Active,MOU-2026-476,Y,25,2022-05-23
ID2026320,Member_321,46,ชาย,Y,N,2,3,นักสังคมสงเคราะห์,บรรจุประจำ,N,ร้อยเอ็ด,781860,65155,721001,7160,1081329,84,687,0,N,ค้างชำระเล็กน้อย,Inactive,MOU-2026-241,N,16,2025-08-23
ID2026321,Member_322,35,ชาย,N,Y,3,2,นักวิชาการเกษตร,พนักงานตามสัญญาจ้าง,Y,ประจวบคีรีขันธ์,340680,28390,721001,848,331142,39,626,1,Y,ค้างชำระเล็กน้อย,Inactive,MOU-2026-753,N,71,2022-05-18
ID2026322,Member_323,26,หญิง,Y,N,2,3,นักวิเคราะห์นโยบายและแผน,บรรจุประจำ,Y,กระบี่,423060,35255,721001,393,1975592,40,639,0,N,ปกติ,Inactive,MOU-2026-974,N,96,2022-06-16
ID2026323,Member_324,35,ชาย,N,Y,0,4,นักวิชาการสาธารณสุข,บรรจุประจำ,N,สตูล,469056,39088,721001,4812,1399426,22,665,0,N,ปกติ,Inactive,MOU-2026-974,Y,12,2023-11-05
ID2026324,Member_325,57,หญิง,N,N,1,1,วิศวกรไฟฟ้า,พนักงานตามสัญญาจ้าง,N,ยโสธร,472572,39381,721001,1036,1855549,26,668,2,N,ค้างชำระเล็กน้อย,Active,MOU-2026-176,N,12,2023-12-14
ID2026325,Member_326,22,ชาย,Y,Y,0,4,นักกฎหมายบริษัท,บรรจุประจำ,N,กระบี่,488616,40718,721001,7080,1226731,4,338,0,Y,ปกติ,Inactive,MOU-2026-101,Y,63,2024-03-01
ID2026326,Member_327,58,ชาย,Y,Y,3,4,นักเทคนิคการแพทย์,พนักงานตามสัญญาจ้าง,Y,จันทบุรี,1400904,116742,721001,6660,1772086,13,483,0,Y,ค้างชำระเล็กน้อย,Inactive,MOU-2026-616,N,13,2023-04-25
ID2026327,Member_328,59,หญิง,Y,Y,2,4,บุคลากรทางการศึกษา,บรรจุประจำ,Y,ปทุมธานี,820980,68415,721001,3859,412633,0,845,1,N,ปกติ,Inactive,MOU-2026-455,Y,30,2022-06-02
ID2026328,Member_329,40,หญิง,Y,N,2,3,วิศวกรซอฟต์แวร์,บรรจุประจำ,N,ยะลา,321192,26766,721001,3460,784833,99,788,1,Y,ปกติ,Inactive,MOU-2026-897,Y,66,2022-11-02
ID2026329,Member_330,38,หญิง,N,N,2,1,แพทย์เฉพาะทาง,บรรจุประจำ,N,จันทบุรี,484992,40416,721001,6184,1252690,58,548,1,N,ปกติ,Inactive,MOU-2026-556,N,38,2022-08-24
ID2026330,Member_331,52,หญิง,Y,Y,3,5,ปลัดอำเภอ,บรรจุประจำ,Y,พังงา,765648,63804,721001,4135,377896,89,514,0,N,ปกติ,Inactive,MOU-2026-941,N,91,2021-03-19
ID2026331,Member_332,50,หญิง,Y,N,0,2,พนักงานการไฟฟ้า,บรรจุประจำ,N,นครปฐม,1075788,89649,721001,3702,1917878,30,341,1,N,ค้างชำระเล็กน้อย,Inactive,MOU-2026-865,Y,42,2022-12-24
ID2026332,Member_333,56,หญิง,N,N,2,4,เจ้าพนักงานที่ดิน,พนักงานตามสัญญาจ้าง,Y,ประจวบคีรีขันธ์,704064,58672,721001,286,334947,78,455,2,N,ปกติ,Inactive,MOU-2026-573,N,54,2022-09-13
ID2026333,Member_334,40,ชาย,N,Y,1,3,พยาบาลวิชาชีพ,บรรจุประจำ,Y,ราชบุรี,1111632,92636,721001,1087,1307984,74,518,2,N,ค้างชำระเล็กน้อย,Inactive,MOU-2026-677,Y,43,2024-11-25
ID2026334,Member_335,31,ชาย,N,N,3,5,บุคลากรทางการศึกษา,บรรจุประจำ,Y,เชียงใหม่,385020,32085,721001,3857,219141,78,530,1,N,ค้างชำระเล็กน้อย,Inactive,MOU-2026-200,Y,48,2022-07-23
ID2026335,Member_336,52,ชาย,Y,N,1,1,ตำรวจ,บรรจุประจำ,Y,ลพบุรี,469548,39129,721001,1160,672259,9,775,2,Y,ปกติ,Active,MOU-2026-480,N,61,2022-03-01
ID2026336,Member_337,43,หญิง,N,Y,0,2,แพทย์เฉพาะทาง,พนักงานตามสัญญาจ้าง,N,อุบลราชธานี,281496,23458,721001,6408,356979,89,736,2,N,ปกติ,Inactive,MOU-2026-489,N,31,2021-02-25
ID2026337,Member_338,58,ชาย,Y,Y,0,1,เจ้าหน้าที่ธุรการ,บรรจุประจำ,N,กรุงเทพมหานคร,923604,76967,721001,2983,257684,87,604,1,N,ปกติ,Active,MOU-2026-547,Y,108,2022-10-07
ID2026338,Member_339,58,หญิง,N,Y,2,1,นิติกร,บรรจุประจำ,N,กระบี่,1406736,117228,721001,5413,194899,14,416,1,N,ค้างชำระเล็กน้อย,Inactive,MOU-2026-553,N,39,2021-03-22
ID2026339,Member_340,42,หญิง,Y,Y,0,2,นิติกร,บรรจุประจำ,Y,สุราษฎร์ธานี,1213992,101166,721001,5890,31249,24,449,1,N,ค้างชำระเล็กน้อย,Inactive,MOU-2026-281,Y,86,2022-04-23
ID2026340,Member_341,44,หญิง,N,N,3,1,ผู้จัดการโรงงาน,บรรจุประจำ,N,ชลบุรี,823140,68595,721001,587,482989,92,540,2,Y,ค้างชำระเล็กน้อย,Active,MOU-2026-172,N,47,2023-03-29
ID2026341,Member_342,31,ชาย,N,N,1,1,พยาบาลวิชาชีพ,พนักงานตามสัญญาจ้าง,Y,กรุงเทพมหานคร,1294236,107853,721001,3731,71405,22,710,1,N,ปกติ,Inactive,MOU-2026-119,N,119,2023-08-25
ID2026342,Member_343,47,ชาย,Y,Y,1,4,ปลัดอำเภอ,พนักงานตามสัญญาจ้าง,Y,ตาก,988716,82393,721001,2494,1692742,27,828,1,N,ค้างชำระเล็กน้อย,Inactive,MOU-2026-410,N,32,2022-05-09
ID2026343,Member_344,26,ชาย,N,Y,3,2,เจ้าพนักงานที่ดิน,บรรจุประจำ,N,นครศรีธรรมราช,246828,20569,721001,3964,91226,11,470,1,Y,ค้างชำระเล็กน้อย,Active,MOU-2026-512,N,109,2024-01-15
ID2026344,Member_345,54,หญิง,N,N,2,3,เจ้าหน้าที่วิทยุการบิน,บรรจุประจำ,N,ลำปาง,930816,77568,721001,6897,1742342,51,762,2,Y,ปกติ,Active,MOU-2026-439,N,112,2023-11-12
ID2026345,Member_346,32,ชาย,N,N,3,2,เจ้าพนักงานกรมศุลกากร,บรรจุประจำ,N,อุดรธานี,1175424,97952,721001,807,1474219,13,690,0,Y,ค้างชำระเล็กน้อย,Inactive,MOU-2026-528,Y,20,2022-10-15
ID2026346,Member_347,32,ชาย,N,N,3,2,วิศวกรโยธา,บรรจุประจำ,N,นครศรีธรรมราช,487008,40584,721001,2776,1147608,5,770,0,N,ปกติ,Inactive,MOU-2026-344,N,43,2024-11-25
ID2026347,Member_348,48,ชาย,Y,N,2,2,นักวิเคราะห์ข้อมูล,พนักงานตามสัญญาจ้าง,N,บุรีรัมย์,1243968,103664,721001,2521,547402,67,703,2,Y,ค้างชำระเล็กน้อย,Inactive,MOU-2026-420,Y,66,2022-03-26
ID2026348,Member_349,31,ชาย,N,Y,0,2,นักวิเคราะห์ข้อมูล,พนักงานตามสัญญาจ้าง,N,พิจิตร,358092,29841,721001,2743,1199764,4,357,0,N,ปกติ,Active,MOU-2026-936,N,76,2023-02-06
ID2026349,Member_350,27,หญิง,Y,N,0,1,นักวิชาการตรวจสอบภายใน,พนักงานตามสัญญาจ้าง,N,จันทบุรี,502992,41916,721001,5378,78377,73,740,2,N,ปกติ,Inactive,MOU-2026-126,N,114,2024-05-04
ID2026350,Member_351,30,ชาย,Y,Y,0,2,นักวิชาการตรวจสอบภายใน,บรรจุประจำ,Y,ชัยภูมิ,1353828,112819,721001,232,209050,60,490,0,N,ค้างชำระเล็กน้อย,Inactive,MOU-2026-934,Y,98,2021-12-19
ID2026351,Member_352,22,หญิง,N,N,1,4,นักวิชาการเงินและบัญชี,พนักงานตามสัญญาจ้าง,N,ปทุมธานี,611664,50972,721001,5701,788272,63,692,1,N,ค้างชำระเล็กน้อย,Inactive,MOU-2026-443,Y,43,2025-05-02
ID2026352,Member_353,22,ชาย,Y,N,1,4,แพทย์เฉพาะทาง,พนักงานตามสัญญาจ้าง,Y,สงขลา,964836,80403,721001,4656,1475530,14,582,0,N,ปกติ,Active,MOU-2026-693,N,34,2021-08-12
ID2026353,Member_354,26,ชาย,Y,Y,1,4,นิติกร,พนักงานตามสัญญาจ้าง,N,อ่างทอง,616164,51347,721001,5580,488187,15,665,2,Y,ค้างชำระเล็กน้อย,Inactive,MOU-2026-748,N,27,2025-06-14
ID2026354,Member_355,45,ชาย,N,Y,2,4,วิศวกรโยธา,บรรจุประจำ,N,ลพบุรี,340092,28341,721001,276,1679468,45,811,2,N,ปกติ,Active,MOU-2026-477,Y,112,2021-08-31
ID2026355,Member_356,31,หญิง,Y,N,2,4,บุคลากรทางการศึกษา,พนักงานตามสัญญาจ้าง,Y,นครราชสีมา,1224084,102007,721001,745,594177,29,804,2,Y,ปกติ,Active,MOU-2026-725,N,48,2025-06-21
ID2026356,Member_357,50,ชาย,Y,N,3,4,นักการตลาดดิจิทัล,พนักงานตามสัญญาจ้าง,Y,ระยอง,487416,40618,721001,3315,1375659,1,516,2,N,ปกติ,Active,MOU-2026-950,N,75,2021-08-12
ID2026357,Member_358,55,ชาย,Y,N,0,5,ปลัดอำเภอ,บรรจุประจำ,N,นครสวรรค์,1115940,92995,721001,6599,428273,42,636,1,Y,ค้างชำระเล็กน้อย,Active,MOU-2026-704,Y,50,2024-06-04
ID2026358,Member_359,32,หญิง,Y,Y,2,3,ผู้จัดการฝ่ายบุคคล,บรรจุประจำ,N,ลำพูน,667416,55618,721001,2015,1510177,15,538,2,Y,ปกติ,Inactive,MOU-2026-402,Y,84,2024-05-08
ID2026359,Member_360,27,หญิง,Y,N,3,4,สถาปนิก,บรรจุประจำ,Y,พระนครศรีอยุธยา,614028,51169,721001,1405,478750,22,767,2,N,ค้างชำระเล็กน้อย,Inactive,MOU-2026-642,N,114,2024-02-27
ID2026360,Member_361,36,หญิง,Y,Y,2,4,นักสังคมสงเคราะห์,บรรจุประจำ,N,นราธิวาส,1047156,87263,721001,5797,1602309,51,427,1,N,ค้างชำระเล็กน้อย,Inactive,MOU-2026-603,Y,49,2023-05-14
ID2026361,Member_362,41,ชาย,N,Y,1,4,นักประชาสัมพันธ์,พนักงานตามสัญญาจ้าง,N,ขอนแก่น,609324,50777,721001,5243,1485748,4,652,2,Y,ค้างชำระเล็กน้อย,Active,MOU-2026-269,N,109,2025-10-01
ID2026362,Member_363,27,หญิง,Y,Y,1,2,อาจารย์มหาวิทยาลัย,บรรจุประจำ,N,อุดรธานี,364476,30373,721001,5366,676577,4,342,1,N,ค้างชำระเล็กน้อย,Inactive,MOU-2026-361,N,57,2022-01-30
ID2026363,Member_364,48,ชาย,N,Y,2,5,นักจดหมายเหตุ,บรรจุประจำ,N,เชียงราย,669060,55755,721001,816,1454895,49,536,1,N,ค้างชำระเล็กน้อย,Inactive,MOU-2026-215,Y,117,2025-05-22
ID2026364,Member_365,60,ชาย,N,Y,2,2,ครูผู้ช่วย,พนักงานตามสัญญาจ้าง,Y,พังงา,1149348,95779,721001,6818,817634,91,745,0,Y,ปกติ,Active,MOU-2026-587,N,38,2023-12-26
ID2026365,Member_366,23,หญิง,Y,N,0,2,นักผังเมือง,บรรจุประจำ,N,ชลบุรี,624564,52047,721001,6469,872814,5,642,0,N,ปกติ,Inactive,MOU-2026-319,N,40,2025-10-13
ID2026366,Member_367,46,หญิง,Y,N,3,1,เจ้าพนักงานที่ดิน,บรรจุประจำ,Y,ลำพูน,1087704,90642,721001,945,1305625,89,405,1,Y,ค้างชำระเล็กน้อย,Active,MOU-2026-123,N,93,2021-04-02
ID2026367,Member_368,37,หญิง,N,N,3,4,เภสัชกร,บรรจุประจำ,Y,จันทบุรี,1065012,88751,721001,3471,1781634,88,721,2,Y,ปกติ,Inactive,MOU-2026-850,N,25,2025-01-18
ID2026368,Member_369,35,ชาย,Y,N,2,2,นักโภชนาการ,พนักงานตามสัญญาจ้าง,Y,พังงา,1373232,114436,721001,546,1018527,58,654,0,Y,ค้างชำระเล็กน้อย,Active,MOU-2026-160,N,65,2024-07-09
ID2026369,Member_370,44,หญิง,N,Y,2,2,ปลัดอำเภอ,พนักงานตามสัญญาจ้าง,Y,แม่ฮ่องสอน,443112,36926,721001,4958,954050,37,755,1,Y,ปกติ,Inactive,MOU-2026-859,N,98,2022-10-20
ID2026370,Member_371,33,ชาย,Y,N,3,2,นักวิชาการตรวจสอบภายใน,พนักงานตามสัญญาจ้าง,N,สุรินทร์,1193688,99474,721001,6524,1835145,51,699,1,Y,ค้างชำระเล็กน้อย,Inactive,MOU-2026-674,N,102,2024-07-30
ID2026371,Member_372,47,ชาย,Y,N,3,1,พนักงานการไฟฟ้า,บรรจุประจำ,Y,บุรีรัมย์,762912,63576,721001,1695,1561882,59,794,0,Y,ค้างชำระเล็กน้อย,Active,MOU-2026-475,N,25,2024-12-07
ID2026372,Member_373,46,ชาย,N,Y,2,4,นักโภชนาการ,บรรจุประจำ,Y,สุรินทร์,1071960,89330,721001,1767,1917087,96,699,1,N,ค้างชำระเล็กน้อย,Active,MOU-2026-108,N,16,2023-05-15
ID2026373,Member_374,43,หญิง,N,Y,3,4,นักบัญชีอาวุโส,บรรจุประจำ,N,นครราชสีมา,288672,24056,721001,3288,791672,86,763,1,Y,ค้างชำระเล็กน้อย,Inactive,MOU-2026-844,N,69,2023-04-05
ID2026374,Member_375,41,ชาย,Y,Y,3,4,นักจดหมายเหตุ,พนักงานตามสัญญาจ้าง,Y,กรุงเทพมหานคร,934404,77867,721001,1663,223591,75,669,2,N,ค้างชำระเล็กน้อย,Inactive,MOU-2026-718,Y,29,2024-07-28
ID2026375,Member_376,44,หญิง,N,N,2,2,เจ้าพนักงานปกครอง,บรรจุประจำ,Y,พระนครศรีอยุธยา,1293864,107822,721001,6894,490215,10,618,1,N,ปกติ,Active,MOU-2026-534,Y,44,2021-09-24
ID2026376,Member_377,60,ชาย,Y,Y,1,5,ครูผู้ช่วย,บรรจุประจำ,Y,ปัตตานี,1370808,114234,721001,4660,959285,55,755,0,N,ปกติ,Inactive,MOU-2026-501,Y,43,2022-04-11
ID2026377,Member_378,30,หญิง,N,Y,1,1,นักโภชนาการ,พนักงานตามสัญญาจ้าง,Y,นราธิวาส,414804,34567,721001,1497,1184500,85,668,2,N,ค้างชำระเล็กน้อย,Inactive,MOU-2026-815,Y,17,2023-08-11
ID2026378,Member_379,46,ชาย,Y,Y,1,2,นักการทูต,บรรจุประจำ,Y,พระนครศรีอยุธยา,905508,75459,721001,7222,1561432,100,367,2,N,ปกติ,Inactive,MOU-2026-607,Y,97,2024-12-09
ID2026379,Member_380,49,หญิง,N,Y,1,2,นักวิชาการเกษตร,พนักงานตามสัญญาจ้าง,Y,นครปฐม,784812,65401,721001,657,1979791,36,482,2,Y,ค้างชำระเล็กน้อย,Active,MOU-2026-238,N,48,2024-01-29
ID2026380,Member_381,54,ชาย,N,Y,1,2,นักประชาสัมพันธ์,พนักงานตามสัญญาจ้าง,Y,ตาก,505212,42101,721001,7008,1344986,99,624,1,Y,ค้างชำระเล็กน้อย,Active,MOU-2026-299,Y,33,2023-07-27
ID2026381,Member_382,39,หญิง,N,Y,2,3,นักบัญชีอาวุโส,บรรจุประจำ,Y,ภูเก็ต,848292,70691,721001,1046,1957878,57,590,1,Y,ปกติ,Inactive,MOU-2026-956,N,63,2025-08-24
ID2026382,Member_383,57,ชาย,Y,N,2,2,เจ้าหน้าที่วิทยุการบิน,พนักงานตามสัญญาจ้าง,N,นนทบุรี,842712,70226,721001,4987,219246,79,755,1,N,ค้างชำระเล็กน้อย,Inactive,MOU-2026-360,N,116,2021-07-27
ID2026383,Member_384,25,ชาย,Y,N,2,4,ตำรวจ,พนักงานตามสัญญาจ้าง,Y,พังงา,1077864,89822,721001,3007,1342799,31,671,2,Y,ค้างชำระเล็กน้อย,Inactive,MOU-2026-779,Y,81,2024-07-02
ID2026384,Member_385,42,หญิง,Y,N,0,3,เจ้าหน้าที่ธุรการ,พนักงานตามสัญญาจ้าง,N,ภูเก็ต,1295592,107966,721001,5025,408553,33,810,1,N,ปกติ,Active,MOU-2026-557,Y,65,2025-03-16
ID2026385,Member_386,54,หญิง,Y,Y,2,5,วิศวกรไฟฟ้า,พนักงานตามสัญญาจ้าง,Y,สกลนคร,1059456,88288,721001,4756,388339,14,787,1,Y,ค้างชำระเล็กน้อย,Active,MOU-2026-553,N,59,2021-02-12
ID2026386,Member_387,27,หญิง,N,Y,0,2,นักโภชนาการ,บรรจุประจำ,N,ฉะเชิงเทรา,1345692,112141,721001,5019,720740,2,734,1,N,ปกติ,Active,MOU-2026-220,N,101,2025-10-16
ID2026387,Member_388,26,หญิง,N,Y,1,3,เจ้าพนักงานที่ดิน,พนักงานตามสัญญาจ้าง,Y,ราชบุรี,1392696,116058,721001,5450,1639382,94,540,0,N,ค้างชำระเล็กน้อย,Inactive,MOU-2026-544,N,52,2023-12-24
ID2026388,Member_389,40,ชาย,N,N,3,5,เจ้าหน้าที่ศาลยุติธรรม,พนักงานตามสัญญาจ้าง,Y,อุตรดิตถ์,913116,76093,721001,1014,1355194,48,615,0,N,ปกติ,Inactive,MOU-2026-761,Y,67,2025-08-21
ID2026389,Member_390,46,หญิง,Y,Y,1,2,นักจดหมายเหตุ,พนักงานตามสัญญาจ้าง,N,เพชรบุรี,258972,21581,721001,3898,48026,69,689,1,N,ปกติ,Inactive,MOU-2026-796,Y,22,2021-10-21
ID2026390,Member_391,26,หญิง,Y,Y,0,3,พยาบาลวิชาชีพ,บรรจุประจำ,N,สมุทรปราการ,1275612,106301,721001,496,1414669,86,652,0,N,ค้างชำระเล็กน้อย,Active,MOU-2026-362,N,71,2021-12-01
ID2026391,Member_392,25,ชาย,N,Y,1,2,นักผังเมือง,พนักงานตามสัญญาจ้าง,Y,นครราชสีมา,271584,22632,721001,2179,250286,53,684,0,N,ค้างชำระเล็กน้อย,Inactive,MOU-2026-497,N,38,2023-05-30
ID2026392,Member_393,45,หญิง,N,N,0,2,อาจารย์มหาวิทยาลัย,บรรจุประจำ,N,สมุทรปราการ,758652,63221,721001,3556,165136,20,633,1,N,ปกติ,Active,MOU-2026-793,N,35,2023-12-28
ID2026393,Member_394,48,หญิง,Y,Y,2,1,นักกฎหมายบริษัท,บรรจุประจำ,N,ฉะเชิงเทรา,595164,49597,721001,668,1497527,82,322,0,N,ปกติ,Active,MOU-2026-919,N,93,2022-08-25
ID2026394,Member_395,55,หญิง,Y,N,3,4,นักกฎหมายบริษัท,พนักงานตามสัญญาจ้าง,N,ปัตตานี,407184,33932,721001,4255,370852,19,487,0,N,ค้างชำระเล็กน้อย,Active,MOU-2026-567,N,115,2022-05-02
ID2026395,Member_396,34,หญิง,Y,Y,2,2,นักผังเมือง,พนักงานตามสัญญาจ้าง,N,เพชรบุรี,1097928,91494,721001,5073,469866,8,317,1,N,ปกติ,Inactive,MOU-2026-966,Y,12,2021-02-14
ID2026396,Member_397,51,หญิง,N,N,3,4,เจ้าพนักงานกรมศุลกากร,บรรจุประจำ,Y,แม่ฮ่องสอน,1205400,100450,721001,3490,1431473,36,473,0,N,ค้างชำระเล็กน้อย,Active,MOU-2026-898,N,92,2021-08-24
ID2026397,Member_398,43,หญิง,N,Y,3,5,เจ้าหน้าที่วิทยุการบิน,บรรจุประจำ,Y,บุรีรัมย์,1059072,88256,721001,6181,509376,56,473,2,Y,ค้างชำระเล็กน้อย,Inactive,MOU-2026-788,N,42,2023-09-05
ID2026398,Member_399,59,ชาย,Y,N,2,3,นักบัญชีอาวุโส,พนักงานตามสัญญาจ้าง,Y,ประจวบคีรีขันธ์,1186860,98905,721001,2529,1333632,24,387,0,N,ปกติ,Inactive,MOU-2026-504,N,117,2024-03-02
ID2026399,Member_400,35,ชาย,N,N,0,5,ปลัดอำเภอ,พนักงานตามสัญญาจ้าง,N,พระนครศรีอยุธยา,661188,55099,721001,2146,1139879,12,377,0,N,ปกติ,Active,MOU-2026-460,Y,116,2022-05-01
ID2026400,Member_401,32,ชาย,Y,Y,3,4,นักวิชาการตรวจสอบภายใน,พนักงานตามสัญญาจ้าง,N,ลพบุรี,1138752,94896,721001,4348,1293587,19,673,2,Y,ค้างชำระเล็กน้อย,Inactive,MOU-2026-350,Y,95,2021-05-15
ID2026401,Member_402,31,ชาย,N,N,2,1,นักกฎหมายบริษัท,บรรจุประจำ,N,อุบลราชธานี,561324,46777,721001,1110,812518,55,491,1,Y,ค้างชำระเล็กน้อย,Inactive,MOU-2026-794,N,40,2023-02-17
ID2026402,Member_403,25,หญิง,N,Y,2,4,นักวิเคราะห์ข้อมูล,พนักงานตามสัญญาจ้าง,N,สตูล,477528,39794,721001,3521,1870107,72,545,0,N,ค้างชำระเล็กน้อย,Active,MOU-2026-955,Y,38,2025-03-03
ID2026403,Member_404,32,ชาย,N,N,1,3,ครูผู้ช่วย,บรรจุประจำ,Y,พระนครศรีอยุธยา,757932,63161,721001,1913,555589,58,807,1,Y,ปกติ,Active,MOU-2026-806,Y,91,2024-04-16
ID2026404,Member_405,46,หญิง,Y,N,0,2,เจ้าหน้าที่ธนาคารรัฐ,พนักงานตามสัญญาจ้าง,Y,ชลบุรี,1002588,83549,721001,4898,1067500,27,499,1,N,ปกติ,Inactive,MOU-2026-387,Y,15,2021-07-29
ID2026405,Member_406,33,ชาย,Y,Y,2,2,นักการตลาดดิจิทัล,บรรจุประจำ,N,สุราษฎร์ธานี,940524,78377,721001,5536,1982959,22,420,2,Y,ค้างชำระเล็กน้อย,Inactive,MOU-2026-296,N,91,2024-06-25
ID2026406,Member_407,42,ชาย,N,N,0,4,พนักงานการไฟฟ้า,บรรจุประจำ,N,ปทุมธานี,664932,55411,721001,4319,1444703,86,519,2,Y,ปกติ,Inactive,MOU-2026-649,Y,55,2024-09-23
ID2026407,Member_408,38,ชาย,N,N,0,2,เจ้าพนักงานกรมศุลกากร,บรรจุประจำ,N,สตูล,1154268,96189,721001,4276,1667817,96,574,2,N,ค้างชำระเล็กน้อย,Active,MOU-2026-442,N,28,2022-12-01
ID2026408,Member_409,41,ชาย,N,N,2,3,นักบัญชีอาวุโส,พนักงานตามสัญญาจ้าง,Y,กรุงเทพมหานคร,1306572,108881,721001,4591,1575752,60,735,1,N,ค้างชำระเล็กน้อย,Active,MOU-2026-534,Y,66,2022-03-31
ID2026409,Member_410,49,หญิง,Y,Y,0,2,นักวิชาการสาธารณสุข,พนักงานตามสัญญาจ้าง,Y,พิจิตร,271764,22647,721001,3078,1419563,38,601,1,N,ค้างชำระเล็กน้อย,Active,MOU-2026-880,N,103,2021-09-09
ID2026410,Member_411,57,ชาย,N,Y,1,4,นักวิชาการตรวจสอบภายใน,พนักงานตามสัญญาจ้าง,Y,ปัตตานี,1212060,101005,721001,6534,509051,70,505,2,Y,ปกติ,Inactive,MOU-2026-356,Y,23,2024-09-28
ID2026411,Member_412,60,ชาย,N,Y,2,5,เจ้าพนักงานกรมศุลกากร,บรรจุประจำ,N,นนทบุรี,493188,41099,721001,4921,457843,60,569,2,N,ค้างชำระเล็กน้อย,Active,MOU-2026-697,N,91,2024-09-13
ID2026412,Member_413,23,หญิง,N,N,1,3,วิศวกรไฟฟ้า,บรรจุประจำ,N,สระบุรี,1337088,111424,721001,7140,953655,45,844,0,Y,ปกติ,Active,MOU-2026-129,Y,44,2021-08-28
ID2026413,Member_414,50,หญิง,Y,Y,1,3,นักผังเมือง,พนักงานตามสัญญาจ้าง,N,บุรีรัมย์,844200,70350,721001,798,65733,15,786,2,Y,ปกติ,Active,MOU-2026-894,Y,41,2024-12-01
ID2026414,Member_415,49,ชาย,Y,Y,2,1,พยาบาลวิชาชีพ,บรรจุประจำ,Y,กรุงเทพมหานคร,724320,60360,721001,7111,41148,65,447,2,Y,ปกติ,Inactive,MOU-2026-644,Y,47,2024-02-07
ID2026415,Member_416,28,ชาย,Y,N,0,1,พนักงานไปรษณีย์,พนักงานตามสัญญาจ้าง,N,ปัตตานี,653316,54443,721001,4881,1287138,26,846,1,N,ปกติ,Active,MOU-2026-563,N,62,2021-08-25
ID2026416,Member_417,46,หญิง,Y,Y,3,5,นักการตลาดดิจิทัล,บรรจุประจำ,Y,ร้อยเอ็ด,1020204,85017,721001,3736,1723501,18,785,1,Y,ปกติ,Active,MOU-2026-411,Y,57,2022-01-07
ID2026417,Member_418,22,หญิง,Y,N,3,2,นักวิชาการตรวจสอบภายใน,บรรจุประจำ,Y,ยโสธร,1189356,99113,721001,617,576869,47,565,0,N,ปกติ,Active,MOU-2026-873,Y,66,2024-04-28
ID2026418,Member_419,22,ชาย,Y,N,3,3,เภสัชกร,พนักงานตามสัญญาจ้าง,Y,พะเยา,617052,51421,721001,3571,1441603,32,726,2,N,ปกติ,Inactive,MOU-2026-784,Y,98,2024-05-28
ID2026419,Member_420,53,หญิง,N,N,1,5,วิศวกรไฟฟ้า,บรรจุประจำ,N,สกลนคร,1097652,91471,721001,330,1686424,84,644,2,N,ค้างชำระเล็กน้อย,Inactive,MOU-2026-830,N,40,2024-06-15
ID2026420,Member_421,35,หญิง,Y,N,0,4,เจ้าหน้าที่วิทยุการบิน,บรรจุประจำ,Y,พะเยา,456300,38025,721001,2213,156979,70,361,1,N,ปกติ,Inactive,MOU-2026-792,Y,17,2025-05-13
ID2026421,Member_422,40,หญิง,Y,Y,0,2,นักประชาสัมพันธ์,พนักงานตามสัญญาจ้าง,Y,ขอนแก่น,625068,52089,721001,5926,1414374,80,562,1,Y,ค้างชำระเล็กน้อย,Inactive,MOU-2026-244,Y,19,2023-04-04
ID2026422,Member_423,39,ชาย,Y,Y,2,5,นักการทูต,บรรจุประจำ,Y,ฉะเชิงเทรา,1237116,103093,721001,4565,1379737,83,488,2,N,ค้างชำระเล็กน้อย,Active,MOU-2026-578,N,57,2025-06-01
ID2026423,Member_424,53,หญิง,Y,N,0,2,วิศวกรซอฟต์แวร์,พนักงานตามสัญญาจ้าง,Y,สุรินทร์,1163340,96945,721001,2549,312150,23,545,0,Y,ค้างชำระเล็กน้อย,Inactive,MOU-2026-171,Y,63,2024-08-23
ID2026424,Member_425,34,หญิง,Y,Y,3,5,เจ้าหน้าที่ตรวจสอบคุณภาพ,บรรจุประจำ,Y,แม่ฮ่องสอน,1133844,94487,721001,6762,1680446,89,354,2,Y,ค้างชำระเล็กน้อย,Active,MOU-2026-305,N,56,2025-05-02
ID2026425,Member_426,54,หญิง,N,Y,1,4,พนักงานการประปา,บรรจุประจำ,Y,เพชรบุรี,597552,49796,721001,3862,561766,58,405,2,Y,ค้างชำระเล็กน้อย,Inactive,MOU-2026-260,Y,112,2023-03-15
ID2026426,Member_427,47,ชาย,Y,N,1,3,นักกฎหมายบริษัท,พนักงานตามสัญญาจ้าง,Y,ราชบุรี,914532,76211,721001,2758,1307305,62,499,2,N,ปกติ,Active,MOU-2026-325,N,49,2025-10-19
ID2026427,Member_428,46,หญิง,Y,N,1,4,ทันตแพทย์,พนักงานตามสัญญาจ้าง,Y,อ่างทอง,1205304,100442,721001,3014,903342,9,770,0,N,ค้างชำระเล็กน้อย,Active,MOU-2026-838,N,106,2025-08-04
ID2026428,Member_429,40,หญิง,Y,Y,0,1,บุคลากรทางการศึกษา,บรรจุประจำ,N,พิจิตร,702228,58519,721001,4457,224737,9,827,1,Y,ค้างชำระเล็กน้อย,Active,MOU-2026-453,Y,33,2022-09-19
ID2026429,Member_430,24,ชาย,Y,Y,3,1,นักการตลาดดิจิทัล,บรรจุประจำ,Y,ลำพูน,736068,61339,721001,7037,1584917,19,547,0,N,ปกติ,Inactive,MOU-2026-835,Y,66,2025-03-09
ID2026430,Member_431,52,หญิง,Y,N,1,5,นักวิเคราะห์นโยบายและแผน,บรรจุประจำ,Y,สกลนคร,594096,49508,721001,1016,530673,49,849,0,N,ค้างชำระเล็กน้อย,Active,MOU-2026-272,Y,85,2021-07-03
ID2026431,Member_432,23,ชาย,N,N,0,4,นักประชาสัมพันธ์,พนักงานตามสัญญาจ้าง,Y,สิงห์บุรี,623616,51968,721001,4820,719583,14,444,1,Y,ค้างชำระเล็กน้อย,Inactive,MOU-2026-289,N,115,2025-01-30
ID2026432,Member_433,35,หญิง,Y,Y,0,4,นักวิชาการคอมพิวเตอร์,พนักงานตามสัญญาจ้าง,Y,ตาก,1069356,89113,721001,5508,339516,45,311,2,Y,ค้างชำระเล็กน้อย,Active,MOU-2026-520,N,71,2023-08-30
ID2026433,Member_434,35,หญิง,N,Y,1,1,นักโภชนาการ,พนักงานตามสัญญาจ้าง,Y,บุรีรัมย์,1428996,119083,721001,1410,447816,97,307,0,N,ค้างชำระเล็กน้อย,Inactive,MOU-2026-964,Y,119,2024-04-30
ID2026434,Member_435,31,ชาย,N,N,0,1,ผู้จัดการฝ่ายบุคคล,พนักงานตามสัญญาจ้าง,Y,กรุงเทพมหานคร,505260,42105,721001,1605,1606867,48,328,1,N,ปกติ,Active,MOU-2026-160,N,114,2022-11-28
ID2026435,Member_436,47,หญิง,Y,Y,2,3,พนักงานการท่าอากาศยาน,พนักงานตามสัญญาจ้าง,Y,นราธิวาส,542736,45228,721001,6042,345299,0,503,2,N,ปกติ,Inactive,MOU-2026-908,Y,25,2021-09-12
ID2026436,Member_437,45,หญิง,Y,N,2,4,เจ้าพนักงานปกครอง,บรรจุประจำ,N,ชลบุรี,870612,72551,721001,2405,532441,66,802,2,N,ค้างชำระเล็กน้อย,Active,MOU-2026-477,N,104,2025-05-24
ID2026437,Member_438,28,หญิง,N,Y,0,4,เภสัชกร,พนักงานตามสัญญาจ้าง,Y,เชียงราย,225552,18796,721001,752,578344,5,711,2,N,ค้างชำระเล็กน้อย,Active,MOU-2026-561,Y,69,2024-04-06
ID2026438,Member_439,51,ชาย,Y,N,3,1,ทหาร,บรรจุประจำ,Y,ยโสธร,390828,32569,721001,6432,860238,4,375,1,Y,ปกติ,Active,MOU-2026-303,Y,33,2022-04-29
ID2026439,Member_440,26,หญิง,N,Y,2,2,นิติกร,บรรจุประจำ,Y,ตาก,763380,63615,721001,1016,1326020,54,544,1,Y,ค้างชำระเล็กน้อย,Inactive,MOU-2026-170,Y,114,2024-08-19
ID2026440,Member_441,55,หญิง,Y,Y,2,3,พนักงานบริหารงานทั่วไป,บรรจุประจำ,Y,ตาก,239364,19947,721001,385,78396,26,406,0,Y,ปกติ,Inactive,MOU-2026-967,N,104,2024-07-30
ID2026441,Member_442,59,ชาย,Y,Y,2,2,นักวิเคราะห์นโยบายและแผน,บรรจุประจำ,N,บุรีรัมย์,447876,37323,721001,5910,1911786,96,779,1,N,ค้างชำระเล็กน้อย,Inactive,MOU-2026-127,N,73,2021-12-17
ID2026442,Member_443,47,หญิง,N,Y,1,5,นักวิชาการสาธารณสุข,พนักงานตามสัญญาจ้าง,N,แม่ฮ่องสอน,393648,32804,721001,6655,961855,42,762,0,N,ปกติ,Active,MOU-2026-146,Y,91,2023-06-24
ID2026443,Member_444,49,หญิง,Y,Y,2,1,นักวิชาการสาธารณสุข,พนักงานตามสัญญาจ้าง,N,สงขลา,935544,77962,721001,781,1897781,25,456,1,Y,ปกติ,Inactive,MOU-2026-458,N,82,2021-06-04
ID2026444,Member_445,27,ชาย,N,N,1,2,วิศวกรไฟฟ้า,พนักงานตามสัญญาจ้าง,N,ประจวบคีรีขันธ์,440016,36668,721001,5765,999427,85,599,2,N,ค้างชำระเล็กน้อย,Inactive,MOU-2026-924,Y,62,2025-10-18
ID2026445,Member_446,51,ชาย,N,Y,2,2,วิศวกรโยธา,บรรจุประจำ,N,ตาก,1256436,104703,721001,1222,109103,39,772,1,Y,ปกติ,Active,MOU-2026-442,Y,40,2022-12-19
ID2026446,Member_447,47,ชาย,Y,N,3,2,นักกฎหมายบริษัท,บรรจุประจำ,Y,นนทบุรี,365040,30420,721001,5866,1693604,97,516,0,N,ค้างชำระเล็กน้อย,Inactive,MOU-2026-854,Y,43,2025-05-06
ID2026447,Member_448,28,ชาย,Y,N,3,1,วิศวกรไฟฟ้า,พนักงานตามสัญญาจ้าง,N,นครสวรรค์,733860,61155,721001,4516,1867330,55,577,2,N,ปกติ,Active,MOU-2026-880,N,77,2023-10-25
ID2026448,Member_449,22,ชาย,Y,N,2,1,นักวิชาการเงินและบัญชี,พนักงานตามสัญญาจ้าง,N,สิงห์บุรี,648624,54052,721001,5227,78010,31,545,0,N,ค้างชำระเล็กน้อย,Inactive,MOU-2026-327,N,72,2022-05-03
ID2026449,Member_450,58,ชาย,N,Y,0,2,สถาปนิก,พนักงานตามสัญญาจ้าง,N,อุบลราชธานี,1010808,84234,721001,4048,1902414,29,830,2,N,ค้างชำระเล็กน้อย,Inactive,MOU-2026-916,Y,61,2021-12-24
ID2026450,Member_451,32,หญิง,N,N,1,1,นักบัญชีอาวุโส,บรรจุประจำ,Y,ปัตตานี,710940,59245,721001,6601,1875674,17,349,2,Y,ปกติ,Inactive,MOU-2026-458,N,97,2023-01-12
ID2026451,Member_452,27,หญิง,N,Y,2,4,นักวิเคราะห์ข้อมูล,พนักงานตามสัญญาจ้าง,N,ประจวบคีรีขันธ์,1136232,94686,721001,7271,1290892,17,826,2,Y,ปกติ,Active,MOU-2026-660,N,120,2024-01-22
ID2026452,Member_453,31,หญิง,N,Y,0,5,ตำรวจ,บรรจุประจำ,Y,อุดรธานี,1167852,97321,721001,3289,323989,47,392,0,N,ค้างชำระเล็กน้อย,Inactive,MOU-2026-432,N,114,2025-08-03
ID2026453,Member_454,44,ชาย,N,Y,1,3,พนักงานการประปา,บรรจุประจำ,Y,สมุทรปราการ,1378764,114897,721001,5374,1186080,99,556,2,N,ปกติ,Inactive,MOU-2026-942,Y,71,2025-11-26
ID2026454,Member_455,57,ชาย,N,Y,1,1,ผู้จัดการโรงงาน,บรรจุประจำ,Y,ระยอง,926460,77205,721001,2929,480295,94,669,2,Y,ปกติ,Inactive,MOU-2026-308,N,118,2024-09-17
ID2026455,Member_456,25,หญิง,Y,N,1,5,เจ้าหน้าที่ธุรการ,พนักงานตามสัญญาจ้าง,N,กาญจนบุรี,460836,38403,721001,5100,44647,58,838,2,N,ค้างชำระเล็กน้อย,Active,MOU-2026-534,N,61,2021-04-26
ID2026456,Member_457,56,ชาย,N,Y,2,2,วิศวกรซอฟต์แวร์,บรรจุประจำ,N,ลพบุรี,545232,45436,721001,616,372818,56,562,2,N,ค้างชำระเล็กน้อย,Active,MOU-2026-427,Y,19,2021-04-06
ID2026457,Member_458,40,ชาย,Y,Y,1,5,นักวิชาการเกษตร,พนักงานตามสัญญาจ้าง,Y,กาญจนบุรี,642912,53576,721001,4403,689564,70,562,1,Y,ปกติ,Inactive,MOU-2026-219,N,37,2024-04-21
ID2026458,Member_459,25,หญิง,Y,N,0,2,เจ้าหน้าที่ตรวจสอบคุณภาพ,บรรจุประจำ,Y,ลำพูน,1439448,119954,721001,4914,912721,65,548,0,N,ปกติ,Inactive,MOU-2026-665,N,60,2021-02-14
ID2026459,Member_460,46,หญิง,N,Y,3,2,เจ้าพนักงานที่ดิน,พนักงานตามสัญญาจ้าง,Y,เชียงราย,652428,54369,721001,4748,913005,92,318,2,Y,ปกติ,Active,MOU-2026-579,Y,76,2023-03-18
ID2026460,Member_461,38,ชาย,Y,N,3,4,เภสัชกร,บรรจุประจำ,N,อุตรดิตถ์,1193676,99473,721001,2680,1850542,22,564,2,Y,ปกติ,Active,MOU-2026-650,Y,95,2022-09-25
ID2026461,Member_462,58,ชาย,Y,N,2,2,เภสัชกร,บรรจุประจำ,N,กระบี่,387756,32313,721001,3539,612903,79,394,0,N,ปกติ,Active,MOU-2026-367,Y,16,2022-04-07
ID2026462,Member_463,35,ชาย,Y,N,1,1,เจ้าหน้าที่ธุรการ,พนักงานตามสัญญาจ้าง,Y,นราธิวาส,491328,40944,721001,4531,266049,53,478,1,Y,ค้างชำระเล็กน้อย,Inactive,MOU-2026-461,Y,83,2021-06-29
ID2026463,Member_464,24,หญิง,Y,N,3,5,นักวิเคราะห์นโยบายและแผน,บรรจุประจำ,Y,นนทบุรี,1184676,98723,721001,2411,1974470,19,688,1,N,ปกติ,Inactive,MOU-2026-180,Y,40,2023-10-25
ID2026464,Member_465,48,ชาย,N,N,1,4,นักวิชาการเงินและบัญชี,พนักงานตามสัญญาจ้าง,N,ยโสธร,392832,32736,721001,4192,1144877,45,617,1,Y,ค้างชำระเล็กน้อย,Inactive,MOU-2026-939,N,108,2025-09-12
ID2026465,Member_466,35,ชาย,N,Y,3,2,สถาปนิก,บรรจุประจำ,N,กระบี่,645948,53829,721001,1063,1364204,33,637,1,N,ค้างชำระเล็กน้อย,Active,MOU-2026-300,N,113,2023-10-22
ID2026466,Member_467,52,หญิง,N,N,0,1,พนักงานการไฟฟ้า,บรรจุประจำ,N,ลพบุรี,1382796,115233,721001,6604,297075,17,372,2,Y,ค้างชำระเล็กน้อย,Inactive,MOU-2026-206,N,33,2021-10-10
ID2026467,Member_468,56,ชาย,Y,N,0,1,พนักงานการไฟฟ้า,บรรจุประจำ,Y,นครศรีธรรมราช,457044,38087,721001,1597,69179,10,535,1,Y,ปกติ,Inactive,MOU-2026-829,N,69,2021-02-23
ID2026468,Member_469,45,หญิง,Y,Y,3,2,นักวิชาการเงินและบัญชี,บรรจุประจำ,Y,นครราชสีมา,277476,23123,721001,4912,1112465,79,487,1,N,ค้างชำระเล็กน้อย,Inactive,MOU-2026-684,N,114,2024-10-14
ID2026469,Member_470,59,ชาย,Y,N,0,3,นิติกร,บรรจุประจำ,N,เชียงใหม่,475788,39649,721001,3732,474184,27,504,0,N,ปกติ,Active,MOU-2026-121,Y,63,2021-08-28
ID2026470,Member_471,51,หญิง,Y,N,2,4,สถาปนิก,พนักงานตามสัญญาจ้าง,Y,ฉะเชิงเทรา,745920,62160,721001,3213,285942,50,355,2,N,ปกติ,Inactive,MOU-2026-497,N,39,2025-09-08
ID2026471,Member_472,35,หญิง,N,Y,2,3,วิศวกรซอฟต์แวร์,พนักงานตามสัญญาจ้าง,Y,กรุงเทพมหานคร,648204,54017,721001,666,1851197,44,460,1,Y,ปกติ,Inactive,MOU-2026-285,N,39,2022-08-14
ID2026472,Member_473,58,หญิง,N,N,3,5,นักวิชาการเงินและบัญชี,พนักงานตามสัญญาจ้าง,N,ตาก,319524,26627,721001,4947,1805326,14,485,1,Y,ค้างชำระเล็กน้อย,Active,MOU-2026-435,N,33,2024-12-30
ID2026473,Member_474,33,ชาย,N,Y,0,4,พยาบาลวิชาชีพ,บรรจุประจำ,N,เพชรบุรี,849012,70751,721001,1652,1214267,99,844,2,N,ค้างชำระเล็กน้อย,Inactive,MOU-2026-724,N,14,2021-06-11
ID2026474,Member_475,51,หญิง,Y,Y,2,1,ทหาร,บรรจุประจำ,N,สมุทรปราการ,1035276,86273,721001,6062,1173371,22,376,2,Y,ค้างชำระเล็กน้อย,Active,MOU-2026-293,N,14,2024-05-11
ID2026475,Member_476,37,หญิง,N,Y,1,1,ตำรวจ,พนักงานตามสัญญาจ้าง,Y,ภูเก็ต,677244,56437,721001,6706,733799,39,698,0,N,ค้างชำระเล็กน้อย,Inactive,MOU-2026-130,Y,76,2022-09-01
ID2026476,Member_477,31,ชาย,Y,N,1,3,นิติกร,บรรจุประจำ,Y,ปทุมธานี,997056,83088,721001,1868,1812636,24,445,0,N,ค้างชำระเล็กน้อย,Active,MOU-2026-711,Y,55,2023-11-24
ID2026477,Member_478,22,หญิง,Y,Y,0,1,แพทย์เฉพาะทาง,พนักงานตามสัญญาจ้าง,Y,ยโสธร,522636,43553,721001,5119,1391924,53,318,0,Y,ปกติ,Inactive,MOU-2026-842,N,39,2022-07-26
ID2026478,Member_479,31,หญิง,Y,Y,0,1,เจ้าพนักงานที่ดิน,บรรจุประจำ,Y,สิงห์บุรี,358548,29879,721001,4068,1664536,44,424,1,N,ปกติ,Inactive,MOU-2026-253,N,34,2021-05-21
ID2026479,Member_480,52,ชาย,N,Y,0,1,นักการตลาดดิจิทัล,พนักงานตามสัญญาจ้าง,N,ประจวบคีรีขันธ์,711792,59316,721001,6125,1894650,95,417,1,Y,ค้างชำระเล็กน้อย,Inactive,MOU-2026-675,N,25,2025-02-25
ID2026480,Member_481,36,ชาย,Y,Y,0,2,บุคลากรทางการศึกษา,พนักงานตามสัญญาจ้าง,Y,นครราชสีมา,457068,38089,721001,1955,1783491,26,671,0,N,ปกติ,Active,MOU-2026-254,N,69,2023-01-21
ID2026481,Member_482,27,หญิง,N,Y,2,1,บุคลากรทางการศึกษา,บรรจุประจำ,Y,ชัยภูมิ,378516,31543,721001,2224,1358689,58,482,0,N,ปกติ,Inactive,MOU-2026-942,Y,30,2024-10-23
ID2026482,Member_483,32,ชาย,N,N,1,2,นักเทคนิคการแพทย์,บรรจุประจำ,Y,ตาก,1099416,91618,721001,5633,1058742,68,632,1,N,ปกติ,Active,MOU-2026-764,N,99,2022-03-17
ID2026483,Member_484,58,หญิง,N,N,2,4,ตำรวจ,พนักงานตามสัญญาจ้าง,Y,ร้อยเอ็ด,793128,66094,721001,3373,960426,45,570,1,Y,ปกติ,Active,MOU-2026-236,Y,12,2022-09-06
ID2026484,Member_485,53,ชาย,Y,N,1,4,ปลัดอำเภอ,พนักงานตามสัญญาจ้าง,N,นครสวรรค์,621288,51774,721001,526,1769885,69,687,2,Y,ปกติ,Inactive,MOU-2026-625,N,37,2021-06-09
ID2026485,Member_486,47,หญิง,Y,Y,0,2,เภสัชกร,บรรจุประจำ,N,กาญจนบุรี,304320,25360,721001,5756,271649,91,620,2,Y,ค้างชำระเล็กน้อย,Inactive,MOU-2026-594,N,79,2023-08-27
ID2026486,Member_487,37,ชาย,Y,N,0,5,นักโภชนาการ,บรรจุประจำ,N,ลพบุรี,1050732,87561,721001,5071,867440,27,547,2,N,ค้างชำระเล็กน้อย,Active,MOU-2026-993,Y,32,2023-03-18
ID2026487,Member_488,40,ชาย,N,N,1,3,เจ้าหน้าที่ตรวจสอบคุณภาพ,พนักงานตามสัญญาจ้าง,N,ชัยภูมิ,530076,44173,721001,5348,1934804,81,627,0,N,ค้างชำระเล็กน้อย,Inactive,MOU-2026-959,N,81,2025-05-05
ID2026488,Member_489,43,ชาย,Y,N,2,5,นักการตลาดดิจิทัล,พนักงานตามสัญญาจ้าง,Y,พระนครศรีอยุธยา,917976,76498,721001,717,670943,83,449,1,N,ค้างชำระเล็กน้อย,Active,MOU-2026-487,N,12,2024-09-19
ID2026489,Member_490,59,ชาย,N,Y,3,4,พนักงานไปรษณีย์,บรรจุประจำ,Y,สตูล,1011504,84292,721001,5969,1967717,52,498,0,Y,ปกติ,Inactive,MOU-2026-823,N,31,2021-02-12
ID2026490,Member_491,58,หญิง,N,Y,1,5,พนักงานไปรษณีย์,บรรจุประจำ,Y,ประจวบคีรีขันธ์,533172,44431,721001,789,154897,92,356,1,N,ปกติ,Active,MOU-2026-173,Y,117,2025-02-24
ID2026491,Member_492,47,หญิง,Y,N,1,3,นักเทคนิคการแพทย์,พนักงานตามสัญญาจ้าง,N,กรุงเทพมหานคร,1386876,115573,721001,5812,1529753,78,517,1,Y,ค้างชำระเล็กน้อย,Inactive,MOU-2026-761,N,106,2021-05-22
ID2026492,Member_493,22,ชาย,N,Y,2,2,เจ้าพนักงานกรมศุลกากร,บรรจุประจำ,Y,ยะลา,588612,49051,721001,6847,1192315,71,427,2,Y,ค้างชำระเล็กน้อย,Active,MOU-2026-178,Y,70,2024-12-01
ID2026493,Member_494,55,หญิง,Y,N,2,3,เจ้าหน้าที่ตรวจสอบคุณภาพ,บรรจุประจำ,Y,สุรินทร์,1030776,85898,721001,368,1266023,17,701,0,Y,ปกติ,Active,MOU-2026-762,Y,98,2024-03-28
ID2026494,Member_495,52,ชาย,N,Y,0,1,พนักงานการไฟฟ้า,บรรจุประจำ,N,ราชบุรี,573624,47802,721001,5795,916495,17,738,2,N,ปกติ,Inactive,MOU-2026-646,N,61,2024-12-10
ID2026495,Member_496,60,หญิง,N,N,3,3,ผู้จัดการฝ่ายบุคคล,บรรจุประจำ,N,พิษณุโลก,1258320,104860,721001,3380,689101,40,707,2,Y,ปกติ,Inactive,MOU-2026-386,N,115,2025-11-05
ID2026496,Member_497,50,หญิง,Y,Y,2,2,นักสังคมสงเคราะห์,พนักงานตามสัญญาจ้าง,N,ตราด,1429476,119123,721001,5310,206919,57,809,2,N,ค้างชำระเล็กน้อย,Active,MOU-2026-977,Y,82,2023-03-30
ID2026497,Member_498,22,หญิง,N,N,1,2,ครูผู้ช่วย,พนักงานตามสัญญาจ้าง,Y,สุรินทร์,1411836,117653,721001,1141,1325418,23,356,0,Y,ค้างชำระเล็กน้อย,Active,MOU-2026-785,Y,115,2022-07-02
ID2026498,Member_499,22,หญิง,N,N,3,2,เจ้าพนักงานที่ดิน,บรรจุประจำ,N,สิงห์บุรี,469572,39131,721001,6925,872937,71,809,2,Y,ปกติ,Inactive,MOU-2026-770,N,110,2022-10-16
ID2026499,Member_500,58,ชาย,N,N,3,4,สถาปนิก,พนักงานตามสัญญาจ้าง,Y,ลพบุรี,629436,52453,721001,5987,1609863,63,525,2,N,ค้างชำระเล็กน้อย,Inactive,MOU-2026-434,Y,45,2021-05-10
